지점,지점명,날짜,평균기온,최저기온,최저기온시각,최고기온,최고기온시각,강수계속시간,10분최다강수량,1시간최다강수량,이동평균_7일,월,연도,계절,월평균,월표준편차,이상기온여부,일교차
108,서울,2021-01-01,-4.2,-9.8,511.0,1.6,1447,0.0,0.0,0.0,,1,2021,겨울,-1.401290322580645,4.526157555848039,False,11.4
108,서울,2021-01-02,-5.0,-8.4,805.0,-1.4,1346,0.0,0.0,0.0,,1,2021,겨울,-1.401290322580645,4.526157555848039,False,7.0
108,서울,2021-01-03,-5.6,-9.1,536.0,-2.0,1238,0.0,0.0,0.0,,1,2021,겨울,-1.401290322580645,4.526157555848039,False,7.1
108,서울,2021-01-04,-3.5,-8.4,656.0,0.3,1535,2.33,0.0,0.0,,1,2021,겨울,-1.401290322580645,4.526157555848039,False,8.700000000000001
108,서울,2021-01-05,-5.5,-9.9,2356.0,-2.1,1,5.42,0.0,0.0,,1,2021,겨울,-1.401290322580645,4.526157555848039,False,7.800000000000001
108,서울,2021-01-06,-7.4,-12.0,702.0,-1.9,1547,5.33,0.0,0.0,,1,2021,겨울,-1.401290322580645,4.526157555848039,False,10.1
108,서울,2021-01-07,-14.5,-16.5,802.0,-8.4,1,0.0,0.0,0.0,-6.528571428571429,1,2021,겨울,-1.401290322580645,4.526157555848039,True,8.1
108,서울,2021-01-08,-14.9,-18.6,812.0,-10.7,1450,0.0,0.0,0.0,-8.057142857142857,1,2021,겨울,-1.401290322580645,4.526157555848039,True,7.900000000000002
108,서울,2021-01-09,-12.2,-16.6,614.0,-7.5,1602,0.0,0.0,0.0,-9.085714285714285,1,2021,겨울,-1.401290322580645,4.526157555848039,True,9.100000000000001
108,서울,2021-01-10,-7.7,-12.8,538.0,-2.7,1406,0.0,0.0,0.0,-9.385714285714286,1,2021,겨울,-1.401290322580645,4.526157555848039,False,10.100000000000001
108,서울,2021-01-11,-6.7,-9.6,502.0,-4.0,1452,0.0,0.0,0.0,-9.842857142857143,1,2021,겨울,-1.401290322580645,4.526157555848039,False,5.6
108,서울,2021-01-12,-3.9,-9.3,657.0,-0.5,1417,7.5,0.0,0.0,-9.614285714285714,1,2021,겨울,-1.401290322580645,4.526157555848039,False,8.8
108,서울,2021-01-13,2.0,-3.0,430.0,8.3,1458,0.67,0.0,0.0,-8.27142857142857,1,2021,겨울,-1.401290322580645,4.526157555848039,False,11.3
108,서울,2021-01-14,1.7,-3.6,749.0,7.0,1506,0.0,0.0,0.0,-5.957142857142857,1,2021,겨울,-1.401290322580645,4.526157555848039,False,10.6
108,서울,2021-01-15,4.5,-0.7,2357.0,9.9,1303,0.42,0.0,0.0,-3.1857142857142855,1,2021,겨울,-1.401290322580645,4.526157555848039,False,10.6
108,서울,2021-01-16,-4.9,-8.7,2349.0,-0.7,1,0.0,0.0,0.0,-2.142857142857143,1,2021,겨울,-1.401290322580645,4.526157555848039,False,7.999999999999999
108,서울,2021-01-17,-5.5,-10.8,800.0,-1.3,1516,5.25,0.0,0.0,-1.8285714285714287,1,2021,겨울,-1.401290322580645,4.526157555848039,False,9.5
108,서울,2021-01-18,-3.8,-9.1,2356.0,0.2,1325,5.42,0.0,0.0,-1.4142857142857144,1,2021,겨울,-1.401290322580645,4.526157555848039,False,9.299999999999999
108,서울,2021-01-19,-6.3,-11.6,753.0,-0.2,1537,0.0,0.0,0.0,-1.7571428571428573,1,2021,겨울,-1.401290322580645,4.526157555848039,False,11.4
108,서울,2021-01-20,-0.1,-6.6,513.0,7.1,1559,0.0,0.0,0.0,-2.0571428571428574,1,2021,겨울,-1.401290322580645,4.526157555848039,False,13.7
108,서울,2021-01-21,4.5,2.5,1.0,7.0,1337,10.25,0.0,0.0,-1.6571428571428573,1,2021,겨울,-1.401290322580645,4.526157555848039,False,4.5
108,서울,2021-01-22,5.5,4.8,5.0,6.6,1356,2.0,0.0,0.0,-1.5142857142857145,1,2021,겨울,-1.401290322580645,4.526157555848039,False,1.7999999999999998
108,서울,2021-01-23,7.6,4.8,12.0,12.2,1504,0.0,0.0,0.0,0.27142857142857146,1,2021,겨울,-1.401290322580645,4.526157555848039,False,7.3999999999999995
108,서울,2021-01-24,7.3,2.4,758.0,13.9,1510,0.0,0.0,0.0,2.1,1,2021,겨울,-1.401290322580645,4.526157555848039,False,11.5
108,서울,2021-01-25,7.9,3.0,542.0,13.9,1527,0.0,0.0,0.0,3.771428571428572,1,2021,겨울,-1.401290322580645,4.526157555848039,True,10.9
108,서울,2021-01-26,5.3,1.7,2357.0,7.4,1,6.92,0.0,0.0,5.428571428571429,1,2021,겨울,-1.401290322580645,4.526157555848039,False,5.7
108,서울,2021-01-27,1.7,-1.8,759.0,6.5,1400,0.0,0.0,0.0,5.685714285714286,1,2021,겨울,-1.401290322580645,4.526157555848039,False,8.3
108,서울,2021-01-28,-2.6,-9.7,2352.0,1.4,940,1.33,0.0,0.0,4.671428571428571,1,2021,겨울,-1.401290322580645,4.526157555848039,False,11.1
108,서울,2021-01-29,-8.8,-11.6,556.0,-4.9,1556,0.0,0.0,0.0,2.6285714285714286,1,2021,겨울,-1.401290322580645,4.526157555848039,False,6.699999999999999
108,서울,2021-01-30,-1.6,-8.1,1.0,5.2,1614,4.5,0.0,0.0,1.3142857142857143,1,2021,겨울,-1.401290322580645,4.526157555848039,False,13.3
108,서울,2021-01-31,3.2,-3.8,542.0,8.7,1517,0.0,0.0,0.0,0.7285714285714285,1,2021,겨울,-1.401290322580645,4.526157555848039,False,12.5
108,서울,2021-02-01,5.0,-2.3,2357.0,9.5,1320,0.83,0.0,0.0,0.31428571428571417,2,2021,겨울,1.3283687943262412,4.435495241170688,False,11.8
108,서울,2021-02-02,-5.6,-8.2,756.0,-2.4,1,3.83,0.0,0.0,-1.2428571428571427,2,2021,겨울,1.3283687943262412,4.435495241170688,False,5.799999999999999
108,서울,2021-02-03,-3.2,-9.4,335.0,1.4,1337,6.5,0.0,0.0,-1.9428571428571428,2,2021,겨울,1.3283687943262412,4.435495241170688,False,10.8
108,서울,2021-02-04,-3.6,-7.4,732.0,0.7,1554,1.33,0.0,0.0,-2.085714285714286,2,2021,겨울,1.3283687943262412,4.435495241170688,False,8.1
108,서울,2021-02-05,1.4,-4.4,1.0,6.7,1532,0.0,0.0,0.0,-0.6285714285714284,2,2021,겨울,1.3283687943262412,4.435495241170688,False,11.100000000000001
108,서울,2021-02-06,6.8,4.3,1.0,9.5,1405,0.0,0.0,0.0,0.5714285714285714,2,2021,겨울,1.3283687943262412,4.435495241170688,False,5.2
108,서울,2021-02-07,3.6,-2.6,2352.0,7.7,1441,0.0,0.0,0.0,0.6285714285714287,2,2021,겨울,1.3283687943262412,4.435495241170688,False,10.3
108,서울,2021-02-08,-3.1,-5.4,734.0,0.2,1517,0.0,0.0,0.0,-0.5285714285714285,2,2021,겨울,1.3283687943262412,4.435495241170688,False,5.6000000000000005
108,서울,2021-02-09,-0.9,-6.1,415.0,4.7,1551,0.0,0.0,0.0,0.14285714285714293,2,2021,겨울,1.3283687943262412,4.435495241170688,False,10.8
108,서울,2021-02-10,3.4,-1.5,339.0,7.2,1509,0.0,0.0,0.0,1.0857142857142859,2,2021,겨울,1.3283687943262412,4.435495241170688,False,8.7
108,서울,2021-02-11,5.5,1.3,615.0,10.9,1606,0.0,0.0,0.0,2.385714285714286,2,2021,겨울,1.3283687943262412,4.435495241170688,False,9.6
108,서울,2021-02-12,6.5,0.6,722.0,14.0,1507,0.0,0.0,0.0,3.1142857142857143,2,2021,겨울,1.3283687943262412,4.435495241170688,False,13.4
108,서울,2021-02-13,7.6,1.0,758.0,15.9,1444,0.0,0.0,0.0,3.2285714285714286,2,2021,겨울,1.3283687943262412,4.435495241170688,False,14.9
108,서울,2021-02-14,9.5,6.4,703.0,13.8,1244,0.17,0.0,0.0,4.071428571428571,2,2021,겨울,1.3283687943262412,4.435495241170688,False,7.4
108,서울,2021-02-15,1.2,-5.2,2339.0,8.2,1,5.5,0.0,0.0,4.685714285714286,2,2021,겨울,1.3283687943262412,4.435495241170688,False,13.399999999999999
108,서울,2021-02-16,-5.1,-7.0,2358.0,-1.3,1707,5.55,0.0,0.0,4.085714285714286,2,2021,겨울,1.3283687943262412,4.435495241170688,False,5.7
108,서울,2021-02-17,-8.3,-10.4,719.0,-5.2,1453,0.67,0.0,0.0,2.4142857142857146,2,2021,겨울,1.3283687943262412,4.435495241170688,True,5.2
108,서울,2021-02-18,-5.8,-10.6,612.0,-0.4,1631,0.0,0.0,0.0,0.8000000000000004,2,2021,겨울,1.3283687943262412,4.435495241170688,False,10.2
108,서울,2021-02-19,1.6,-7.1,537.0,8.9,1553,0.0,0.0,0.0,0.10000000000000034,2,2021,겨울,1.3283687943262412,4.435495241170688,False,16.0
108,서울,2021-02-20,8.8,5.5,1.0,14.9,1545,0.0,0.0,0.0,0.27142857142857196,2,2021,겨울,1.3283687943262412,4.435495241170688,False,9.4
108,서울,2021-02-21,10.8,4.7,723.0,17.4,1347,0.0,0.0,0.0,0.4571428571428578,2,2021,겨울,1.3283687943262412,4.435495241170688,True,12.7
108,서울,2021-02-22,7.8,0.4,2358.0,12.6,1220,0.0,0.0,0.0,1.4000000000000006,2,2021,겨울,1.3283687943262412,4.435495241170688,False,12.2
108,서울,2021-02-23,0.0,-3.1,733.0,4.3,1521,0.0,0.0,0.0,2.128571428571429,2,2021,겨울,1.3283687943262412,4.435495241170688,False,7.4
108,서울,2021-02-24,2.9,-3.0,720.0,10.1,1517,0.0,0.0,0.0,3.7285714285714286,2,2021,겨울,1.3283687943262412,4.435495241170688,False,13.1
108,서울,2021-02-25,4.2,0.7,406.0,8.2,1527,0.0,0.0,0.0,5.1571428571428575,2,2021,겨울,1.3283687943262412,4.435495241170688,False,7.499999999999999
108,서울,2021-02-26,8.2,0.5,721.0,15.8,1506,0.0,0.0,0.0,6.1000000000000005,2,2021,겨울,1.3283687943262412,4.435495241170688,False,15.3
108,서울,2021-02-27,9.5,4.3,636.0,16.2,1601,0.0,0.0,0.0,6.200000000000001,2,2021,겨울,1.3283687943262412,4.435495241170688,False,11.899999999999999
108,서울,2021-02-28,7.8,3.2,717.0,10.8,1607,0.0,0.0,0.0,5.771428571428571,2,2021,겨울,1.3283687943262412,4.435495241170688,False,7.6000000000000005
108,서울,2021-03-01,4.7,0.5,2324.0,9.0,1,22.92,0.0,0.0,5.328571428571429,3,2021,봄,8.282580645161291,3.7498943428768534,False,8.5
108,서울,2021-03-02,2.3,0.2,352.0,6.9,1543,1.33,0.0,0.0,5.6571428571428575,3,2021,봄,8.282580645161291,3.7498943428768534,False,6.7
108,서울,2021-03-03,4.4,-1.2,656.0,9.9,1627,0.0,0.0,0.0,5.871428571428572,3,2021,봄,8.282580645161291,3.7498943428768534,False,11.1
108,서울,2021-03-04,7.2,2.5,310.0,13.0,1559,0.0,0.0,0.0,6.3,3,2021,봄,8.282580645161291,3.7498943428768534,False,10.5
108,서울,2021-03-05,9.0,3.0,729.0,16.2,1518,0.0,0.0,0.0,6.4142857142857155,3,2021,봄,8.282580645161291,3.7498943428768534,False,13.2
108,서울,2021-03-06,6.6,3.2,2357.0,11.6,1216,0.0,0.0,0.0,6.000000000000001,3,2021,봄,8.282580645161291,3.7498943428768534,False,8.399999999999999
108,서울,2021-03-07,6.2,2.1,659.0,12.2,1423,0.0,0.0,0.0,5.771428571428571,3,2021,봄,8.282580645161291,3.7498943428768534,False,10.1
108,서울,2021-03-08,7.0,1.5,706.0,13.9,1425,0.0,0.0,0.0,6.1000000000000005,3,2021,봄,8.282580645161291,3.7498943428768534,False,12.4
108,서울,2021-03-09,6.6,2.1,550.0,12.2,1433,0.0,0.0,0.0,6.714285714285714,3,2021,봄,8.282580645161291,3.7498943428768534,False,10.1
108,서울,2021-03-10,8.8,1.7,704.0,17.1,1539,0.0,0.0,0.0,7.342857142857143,3,2021,봄,8.282580645161291,3.7498943428768534,False,15.400000000000002
108,서울,2021-03-11,10.2,4.7,720.0,17.1,1436,0.0,0.0,0.0,7.771428571428571,3,2021,봄,8.282580645161291,3.7498943428768534,False,12.400000000000002
108,서울,2021-03-12,10.5,7.2,2353.0,14.9,1240,2.75,0.0,0.0,7.985714285714286,3,2021,봄,8.282580645161291,3.7498943428768534,False,7.7
108,서울,2021-03-13,9.2,4.6,650.0,14.2,1436,0.0,0.0,0.0,8.357142857142858,3,2021,봄,8.282580645161291,3.7498943428768534,False,9.6
108,서울,2021-03-14,9.1,4.9,701.0,14.7,1541,0.0,0.0,0.0,8.77142857142857,3,2021,봄,8.282580645161291,3.7498943428768534,False,9.799999999999999
108,서울,2021-03-15,10.6,5.1,602.0,15.7,1446,1.25,0.0,0.0,9.285714285714286,3,2021,봄,8.282580645161291,3.7498943428768534,False,10.6
108,서울,2021-03-16,8.4,4.9,2356.0,13.1,1438,2.42,0.0,0.0,9.542857142857143,3,2021,봄,8.282580645161291,3.7498943428768534,False,8.2
108,서울,2021-03-17,8.8,1.8,628.0,17.5,1613,0.0,0.0,0.0,9.542857142857143,3,2021,봄,8.282580645161291,3.7498943428768534,False,15.7
108,서울,2021-03-18,11.7,5.0,540.0,18.4,1604,0.0,0.0,0.0,9.757142857142856,3,2021,봄,8.282580645161291,3.7498943428768534,False,13.399999999999999
108,서울,2021-03-19,15.3,11.4,640.0,20.2,1510,0.0,0.0,0.0,10.442857142857141,3,2021,봄,8.282580645161291,3.7498943428768534,False,8.799999999999999
108,서울,2021-03-20,9.9,7.4,2346.0,14.7,1,10.5,0.0,0.0,10.542857142857143,3,2021,봄,8.282580645161291,3.7498943428768534,False,7.299999999999999
108,서울,2021-03-21,5.8,3.1,2355.0,8.6,1427,1.5,0.0,0.0,10.071428571428571,3,2021,봄,8.282580645161291,3.7498943428768534,False,5.5
108,서울,2021-03-22,6.2,1.1,653.0,11.1,1349,0.0,0.0,0.0,9.442857142857141,3,2021,봄,8.282580645161291,3.7498943428768534,False,10.0
108,서울,2021-03-23,9.1,2.5,518.0,16.4,1418,0.0,0.0,0.0,9.542857142857143,3,2021,봄,8.282580645161291,3.7498943428768534,False,13.899999999999999
108,서울,2021-03-24,10.8,5.7,619.0,16.9,1513,0.0,0.0,0.0,9.828571428571427,3,2021,봄,8.282580645161291,3.7498943428768534,False,11.2
108,서울,2021-03-25,11.9,6.8,2356.0,19.0,1405,0.0,0.0,0.0,9.857142857142858,3,2021,봄,8.282580645161291,3.7498943428768534,False,12.2
108,서울,2021-03-26,12.6,4.8,647.0,20.6,1543,0.0,0.0,0.0,9.471428571428572,3,2021,봄,8.282580645161291,3.7498943428768534,False,15.8
108,서울,2021-03-27,12.1,10.2,621.0,15.0,1156,13.08,0.0,0.0,9.785714285714286,3,2021,봄,8.282580645161291,3.7498943428768534,False,4.800000000000001
108,서울,2021-03-28,9.0,7.7,643.0,13.0,138,15.0,0.0,0.0,10.242857142857144,3,2021,봄,8.282580645161291,3.7498943428768534,False,5.3
108,서울,2021-03-29,10.2,7.3,2357.0,14.6,1342,2.75,0.0,0.0,10.814285714285715,3,2021,봄,8.282580645161291,3.7498943428768534,False,7.3
108,서울,2021-03-30,10.8,4.1,623.0,18.2,1548,0.0,0.0,0.0,11.057142857142859,3,2021,봄,8.282580645161291,3.7498943428768534,False,14.1
108,서울,2021-03-31,14.5,5.9,631.0,22.9,1535,0.0,0.0,0.0,11.585714285714285,3,2021,봄,8.282580645161291,3.7498943428768534,False,17.0
108,서울,2021-04-01,17.7,12.0,651.0,24.0,1614,0.0,0.0,0.0,12.414285714285715,4,2021,봄,14.502,3.4178070994612195,False,12.0
108,서울,2021-04-02,17.8,12.5,408.0,23.0,1506,0.83,0.0,0.0,13.157142857142857,4,2021,봄,14.502,3.4178070994612195,False,10.5
108,서울,2021-04-03,14.9,10.9,2353.0,18.0,1,16.53,2.9,11.5,13.557142857142859,4,2021,봄,14.502,3.4178070994612195,False,7.1
108,서울,2021-04-04,11.9,9.0,2400.0,15.8,1337,5.75,0.2,0.4,13.971428571428572,4,2021,봄,14.502,3.4178070994612195,False,6.800000000000001
108,서울,2021-04-05,11.9,5.4,629.0,19.3,1614,0.0,0.0,0.0,14.214285714285714,4,2021,봄,14.502,3.4178070994612195,False,13.9
108,서울,2021-04-06,13.9,9.4,510.0,19.2,1343,0.0,0.0,0.0,14.657142857142857,4,2021,봄,14.502,3.4178070994612195,False,9.799999999999999
108,서울,2021-04-07,14.1,8.1,607.0,20.4,1335,0.0,0.0,0.0,14.6,4,2021,봄,14.502,3.4178070994612195,False,12.299999999999999
108,서울,2021-04-08,13.0,7.2,616.0,18.0,1516,0.0,0.0,0.0,13.928571428571429,4,2021,봄,14.502,3.4178070994612195,False,10.8
108,서울,2021-04-09,13.6,7.6,416.0,19.6,1558,0.0,0.0,0.0,13.328571428571427,4,2021,봄,14.502,3.4178070994612195,False,12.000000000000002
108,서울,2021-04-10,12.6,7.7,607.0,18.8,1459,0.0,0.0,0.0,13.0,4,2021,봄,14.502,3.4178070994612195,False,11.100000000000001
108,서울,2021-04-11,15.0,7.5,639.0,21.8,1610,0.0,0.0,0.0,13.442857142857145,4,2021,봄,14.502,3.4178070994612195,False,14.3
108,서울,2021-04-12,13.8,11.9,1703.0,17.8,1132,14.17,1.6,5.4,13.714285714285714,4,2021,봄,14.502,3.4178070994612195,False,5.9
108,서울,2021-04-13,10.4,5.7,2355.0,13.5,1343,6.75,0.8,3.0,13.214285714285714,4,2021,봄,14.502,3.4178070994612195,False,7.8
108,서울,2021-04-14,8.4,3.1,544.0,13.3,1224,0.0,0.0,0.0,12.4,4,2021,봄,14.502,3.4178070994612195,False,10.200000000000001
108,서울,2021-04-15,11.6,6.3,313.0,18.3,1454,0.0,0.0,0.0,12.200000000000001,4,2021,봄,14.502,3.4178070994612195,False,12.0
108,서울,2021-04-16,11.3,8.1,2400.0,14.8,1602,3.5,0.3,0.7,11.871428571428572,4,2021,봄,14.502,3.4178070994612195,False,6.700000000000001
108,서울,2021-04-17,9.6,6.0,611.0,14.6,1527,1.58,0.0,0.0,11.442857142857141,4,2021,봄,14.502,3.4178070994612195,False,8.6
108,서울,2021-04-18,9.9,5.6,607.0,15.3,1602,0.0,0.0,0.0,10.714285714285714,4,2021,봄,14.502,3.4178070994612195,False,9.700000000000001
108,서울,2021-04-19,12.2,5.8,542.0,19.4,1440,0.0,0.0,0.0,10.485714285714286,4,2021,봄,14.502,3.4178070994612195,False,13.599999999999998
108,서울,2021-04-20,14.8,8.1,614.0,22.0,1552,0.0,0.0,0.0,11.114285714285714,4,2021,봄,14.502,3.4178070994612195,False,13.9
108,서울,2021-04-21,19.1,10.3,601.0,28.2,1601,0.0,0.0,0.0,12.642857142857142,4,2021,봄,14.502,3.4178070994612195,False,17.9
108,서울,2021-04-22,20.9,16.1,251.0,27.5,1356,0.0,0.0,0.0,13.971428571428572,4,2021,봄,14.502,3.4178070994612195,False,11.399999999999999
108,서울,2021-04-23,19.0,17.0,703.0,21.7,1350,4.0,0.0,0.0,15.071428571428571,4,2021,봄,14.502,3.4178070994612195,False,4.699999999999999
108,서울,2021-04-24,18.3,15.3,637.0,22.2,1540,0.67,0.0,0.0,16.314285714285713,4,2021,봄,14.502,3.4178070994612195,False,6.899999999999999
108,서울,2021-04-25,18.2,12.6,500.0,24.0,1645,0.0,0.0,0.0,17.5,4,2021,봄,14.502,3.4178070994612195,False,11.4
108,서울,2021-04-26,16.2,12.3,614.0,20.6,1408,0.0,0.0,0.0,18.071428571428573,4,2021,봄,14.502,3.4178070994612195,False,8.3
108,서울,2021-04-27,15.4,12.5,430.0,20.0,1427,4.0,2.2,5.8,18.15714285714286,4,2021,봄,14.502,3.4178070994612195,False,7.5
108,서울,2021-04-28,14.5,11.2,602.0,18.2,1419,1.33,1.4,4.7,17.5,4,2021,봄,14.502,3.4178070994612195,False,7.0
108,서울,2021-04-29,14.6,10.9,538.0,20.1,1609,4.33,1.2,4.3,16.6,4,2021,봄,14.502,3.4178070994612195,False,9.200000000000001
108,서울,2021-04-30,11.3,8.6,414.0,14.6,1227,9.75,1.8,8.9,15.5,4,2021,봄,14.502,3.4178070994612195,False,6.0
108,서울,2021-05-01,10.2,8.5,2326.0,15.3,1256,11.67,1.5,5.3,14.342857142857142,5,2021,봄,18.395483870967745,3.121403737154581,True,6.800000000000001
108,서울,2021-05-02,12.4,7.3,602.0,18.7,1436,2.5,0.4,1.2,13.514285714285716,5,2021,봄,18.395483870967745,3.121403737154581,False,11.399999999999999
108,서울,2021-05-03,14.1,8.4,555.0,20.3,1520,0.0,0.0,0.0,13.214285714285714,5,2021,봄,18.395483870967745,3.121403737154581,False,11.9
108,서울,2021-05-04,13.8,11.4,300.0,15.8,1915,16.25,1.5,5.1,12.985714285714284,5,2021,봄,18.395483870967745,3.121403737154581,False,4.4
108,서울,2021-05-05,13.9,10.3,620.0,18.4,1509,0.5,0.1,0.4,12.9,5,2021,봄,18.395483870967745,3.121403737154581,False,8.099999999999998
108,서울,2021-05-06,15.7,7.9,538.0,23.1,1420,0.0,0.0,0.0,13.057142857142859,5,2021,봄,18.395483870967745,3.121403737154581,False,15.200000000000001
108,서울,2021-05-07,14.4,10.7,2357.0,17.2,1505,1.5,5.9,8.8,13.5,5,2021,봄,18.395483870967745,3.121403737154581,False,6.5
108,서울,2021-05-08,14.3,8.9,547.0,21.0,1437,0.0,0.0,0.0,14.085714285714285,5,2021,봄,18.395483870967745,3.121403737154581,False,12.1
108,서울,2021-05-09,15.7,10.0,513.0,21.8,1551,0.0,0.0,0.0,14.557142857142855,5,2021,봄,18.395483870967745,3.121403737154581,False,11.8
108,서울,2021-05-10,13.2,11.7,230.0,14.6,1716,3.08,0.0,0.0,14.428571428571429,5,2021,봄,18.395483870967745,3.121403737154581,False,2.9000000000000004
108,서울,2021-05-11,18.5,9.4,414.0,25.7,1514,0.0,0.0,0.0,15.1,5,2021,봄,18.395483870967745,3.121403737154581,False,16.299999999999997
108,서울,2021-05-12,22.0,16.9,529.0,27.7,1626,0.0,0.0,0.0,16.257142857142856,5,2021,봄,18.395483870967745,3.121403737154581,False,10.8
108,서울,2021-05-13,22.9,16.6,542.0,29.6,1459,0.0,0.0,0.0,17.285714285714285,5,2021,봄,18.395483870967745,3.121403737154581,False,13.0
108,서울,2021-05-14,24.1,18.0,558.0,30.8,1541,0.0,0.0,0.0,18.67142857142857,5,2021,봄,18.395483870967745,3.121403737154581,False,12.8
108,서울,2021-05-15,22.1,20.8,1911.0,26.2,1204,14.0,2.2,5.8,19.785714285714285,5,2021,봄,18.395483870967745,3.121403737154581,False,5.399999999999999
108,서울,2021-05-16,18.4,14.8,2345.0,20.8,1,24.0,2.6,11.3,20.17142857142857,5,2021,봄,18.395483870967745,3.121403737154581,False,6.0
108,서울,2021-05-17,15.3,14.2,442.0,16.7,1815,13.83,0.4,1.7,20.47142857142857,5,2021,봄,18.395483870967745,3.121403737154581,False,2.5
108,서울,2021-05-18,17.9,13.6,403.0,24.5,1611,0.0,0.0,0.0,20.385714285714283,5,2021,봄,18.395483870967745,3.121403737154581,False,10.9
108,서울,2021-05-19,19.9,12.4,557.0,26.6,1503,0.0,0.0,0.0,20.085714285714285,5,2021,봄,18.395483870967745,3.121403737154581,False,14.200000000000001
108,서울,2021-05-20,18.7,15.6,2335.0,22.9,1252,11.15,0.3,0.5,19.485714285714284,5,2021,봄,18.395483870967745,3.121403737154581,False,7.299999999999999
108,서울,2021-05-21,16.0,14.2,637.0,18.2,1820,15.17,1.3,2.0,18.32857142857143,5,2021,봄,18.395483870967745,3.121403737154581,False,4.0
108,서울,2021-05-22,18.6,13.8,531.0,23.8,1309,0.92,0.2,0.2,17.82857142857143,5,2021,봄,18.395483870967745,3.121403737154581,False,10.0
108,서울,2021-05-23,19.5,14.3,521.0,25.1,1328,0.0,0.0,0.0,17.985714285714288,5,2021,봄,18.395483870967745,3.121403737154581,False,10.8
108,서울,2021-05-24,19.4,16.4,536.0,24.5,1525,0.0,0.0,0.0,18.571428571428573,5,2021,봄,18.395483870967745,3.121403737154581,False,8.100000000000001
108,서울,2021-05-25,15.3,11.9,854.0,19.3,1632,4.58,2.1,5.4,18.2,5,2021,봄,18.395483870967745,3.121403737154581,False,7.4
108,서울,2021-05-26,18.0,11.5,513.0,23.0,1513,0.67,0.0,0.0,17.928571428571427,5,2021,봄,18.395483870967745,3.121403737154581,False,11.5
108,서울,2021-05-27,15.8,13.9,2301.0,18.7,1611,5.92,2.1,6.5,17.514285714285712,5,2021,봄,18.395483870967745,3.121403737154581,False,4.799999999999999
108,서울,2021-05-28,15.3,12.4,844.0,19.7,1556,7.83,1.7,4.7,17.414285714285715,5,2021,봄,18.395483870967745,3.121403737154581,False,7.299999999999999
108,서울,2021-05-29,15.4,12.8,2353.0,19.1,1017,8.42,0.2,0.2,16.95714285714286,5,2021,봄,18.395483870967745,3.121403737154581,False,6.300000000000001
108,서울,2021-05-30,18.4,10.8,540.0,26.3,1603,4.0,4.0,11.3,16.8,5,2021,봄,18.395483870967745,3.121403737154581,False,15.5
108,서울,2021-05-31,19.9,16.5,417.0,23.8,1725,2.5,3.2,4.7,16.87142857142857,5,2021,봄,18.395483870967745,3.121403737154581,False,7.300000000000001
108,서울,2021-06-01,20.2,15.9,811.0,23.9,1311,4.42,1.3,2.3,17.571428571428573,6,2021,여름,23.626666666666665,2.2328741723060053,False,7.999999999999998
108,서울,2021-06-02,23.2,16.6,453.0,29.7,1531,0.0,0.0,0.0,18.314285714285713,6,2021,여름,23.626666666666665,2.2328741723060053,False,13.099999999999998
108,서울,2021-06-03,19.1,14.6,2335.0,22.7,1143,12.17,2.5,5.1,18.785714285714285,6,2021,여름,23.626666666666665,2.2328741723060053,True,8.1
108,서울,2021-06-04,18.5,13.3,419.0,23.6,1530,0.0,0.0,0.0,19.24285714285714,6,2021,여름,23.626666666666665,2.2328741723060053,True,10.3
108,서울,2021-06-05,20.8,17.0,359.0,25.7,1524,0.0,0.0,0.0,20.014285714285712,6,2021,여름,23.626666666666665,2.2328741723060053,False,8.7
108,서울,2021-06-06,23.0,18.4,138.0,28.2,1529,0.0,0.0,0.0,20.67142857142857,6,2021,여름,23.626666666666665,2.2328741723060053,False,9.8
108,서울,2021-06-07,21.1,19.4,353.0,24.0,1734,3.58,0.0,0.0,20.842857142857145,6,2021,여름,23.626666666666665,2.2328741723060053,False,4.600000000000001
108,서울,2021-06-08,23.6,18.8,533.0,29.5,1539,0.92,0.1,0.1,21.32857142857143,6,2021,여름,23.626666666666665,2.2328741723060053,False,10.7
108,서울,2021-06-09,25.8,19.5,453.0,31.6,1525,0.0,0.0,0.0,21.7,6,2021,여름,23.626666666666665,2.2328741723060053,False,12.100000000000001
108,서울,2021-06-10,24.9,20.5,2349.0,29.8,1441,6.67,2.0,5.1,22.528571428571432,6,2021,여름,23.626666666666665,2.2328741723060053,False,9.3
108,서울,2021-06-11,21.5,19.9,50.0,24.4,1628,4.17,1.0,2.6,22.95714285714286,6,2021,여름,23.626666666666665,2.2328741723060053,False,4.5
108,서울,2021-06-12,24.2,18.2,444.0,30.2,1514,0.0,0.0,0.0,23.442857142857143,6,2021,여름,23.626666666666665,2.2328741723060053,False,12.0
108,서울,2021-06-13,24.8,20.9,513.0,29.7,1620,0.0,0.0,0.0,23.7,6,2021,여름,23.626666666666665,2.2328741723060053,False,8.8
108,서울,2021-06-14,24.8,18.9,609.0,30.2,1452,0.0,0.0,0.0,24.228571428571428,6,2021,여름,23.626666666666665,2.2328741723060053,False,11.3
108,서울,2021-06-15,22.5,21.5,523.0,25.3,1751,7.92,0.3,0.9,24.071428571428573,6,2021,여름,23.626666666666665,2.2328741723060053,False,3.8000000000000007
108,서울,2021-06-16,24.3,20.3,347.0,28.9,1622,0.0,0.0,0.0,23.857142857142858,6,2021,여름,23.626666666666665,2.2328741723060053,False,8.599999999999998
108,서울,2021-06-17,21.9,19.6,439.0,25.0,1247,4.25,0.0,0.0,23.428571428571427,6,2021,여름,23.626666666666665,2.2328741723060053,False,5.399999999999999
108,서울,2021-06-18,20.0,19.0,601.0,21.4,1711,12.0,0.5,1.7,23.214285714285715,6,2021,여름,23.626666666666665,2.2328741723060053,False,2.3999999999999986
108,서울,2021-06-19,22.3,17.5,550.0,27.4,1553,0.0,0.0,0.0,22.942857142857143,6,2021,여름,23.626666666666665,2.2328741723060053,False,9.899999999999999
108,서울,2021-06-20,22.9,17.6,520.0,29.0,1319,0.0,0.0,0.0,22.67142857142857,6,2021,여름,23.626666666666665,2.2328741723060053,False,11.399999999999999
108,서울,2021-06-21,23.6,19.2,511.0,28.5,1457,0.0,0.0,0.0,22.5,6,2021,여름,23.626666666666665,2.2328741723060053,False,9.3
108,서울,2021-06-22,22.8,19.7,538.0,28.6,1347,2.08,0.0,0.0,22.542857142857144,6,2021,여름,23.626666666666665,2.2328741723060053,False,8.900000000000002
108,서울,2021-06-23,22.4,18.8,528.0,27.9,1504,0.67,5.0,7.5,22.271428571428572,6,2021,여름,23.626666666666665,2.2328741723060053,False,9.099999999999998
108,서울,2021-06-24,23.0,18.5,443.0,28.0,1540,0.0,0.0,0.0,22.428571428571427,6,2021,여름,23.626666666666665,2.2328741723060053,False,9.5
108,서울,2021-06-25,24.1,19.5,551.0,29.5,1619,0.0,0.0,0.0,23.014285714285712,6,2021,여름,23.626666666666665,2.2328741723060053,False,10.0
108,서울,2021-06-26,22.8,19.9,557.0,26.7,1549,11.42,0.7,2.6,23.08571428571429,6,2021,여름,23.626666666666665,2.2328741723060053,False,6.800000000000001
108,서울,2021-06-27,24.5,19.8,447.0,30.8,1511,3.42,11.7,37.7,23.314285714285717,6,2021,여름,23.626666666666665,2.2328741723060053,False,11.0
108,서울,2021-06-28,23.7,21.0,629.0,29.2,1447,1.67,0.1,0.1,23.32857142857143,6,2021,여름,23.626666666666665,2.2328741723060053,False,8.2
108,서울,2021-06-29,23.9,21.3,442.0,28.4,1531,1.67,3.8,8.0,23.485714285714288,6,2021,여름,23.626666666666665,2.2328741723060053,False,7.099999999999998
108,서울,2021-06-30,24.3,21.0,405.0,28.8,1654,1.35,3.4,6.0,23.757142857142856,6,2021,여름,23.626666666666665,2.2328741723060053,False,7.800000000000001
108,서울,2021-07-01,26.3,21.4,519.0,31.0,1525,0.0,0.0,0.0,24.228571428571428,7,2021,여름,27.506451612903227,2.410520163172063,False,9.600000000000001
108,서울,2021-07-02,27.1,23.6,538.0,31.8,1612,0.0,0.0,0.0,24.657142857142855,7,2021,여름,27.506451612903227,2.410520163172063,False,8.2
108,서울,2021-07-03,22.6,19.6,2208.0,25.7,1,9.42,4.0,13.8,24.628571428571426,7,2021,여름,27.506451612903227,2.410520163172063,True,6.099999999999998
108,서울,2021-07-04,21.4,19.8,1.0,23.1,1500,18.33,1.2,5.3,24.185714285714283,7,2021,여름,27.506451612903227,2.410520163172063,True,3.3000000000000007
108,서울,2021-07-05,23.3,20.1,328.0,26.9,1444,0.0,0.0,0.0,24.12857142857143,7,2021,여름,27.506451612903227,2.410520163172063,False,6.799999999999997
108,서울,2021-07-06,25.3,21.0,450.0,30.1,1437,0.0,0.0,0.0,24.32857142857143,7,2021,여름,27.506451612903227,2.410520163172063,False,9.100000000000001
108,서울,2021-07-07,26.4,23.9,419.0,29.1,1441,4.67,8.5,12.4,24.62857142857143,7,2021,여름,27.506451612903227,2.410520163172063,False,5.200000000000003
108,서울,2021-07-08,26.0,23.8,520.0,29.8,1451,2.0,1.0,2.7,24.585714285714285,7,2021,여름,27.506451612903227,2.410520163172063,False,6.0
108,서울,2021-07-09,25.5,23.6,335.0,29.2,1530,0.25,0.0,0.0,24.357142857142858,7,2021,여름,27.506451612903227,2.410520163172063,False,5.599999999999998
108,서울,2021-07-10,25.9,23.1,631.0,29.2,1340,2.8,0.2,0.2,24.828571428571426,7,2021,여름,27.506451612903227,2.410520163172063,False,6.099999999999998
108,서울,2021-07-11,25.7,24.1,700.0,27.5,1552,5.17,0.3,0.4,25.442857142857143,7,2021,여름,27.506451612903227,2.410520163172063,False,3.3999999999999986
108,서울,2021-07-12,28.1,23.8,557.0,32.5,1604,0.0,0.0,0.0,26.12857142857143,7,2021,여름,27.506451612903227,2.410520163172063,False,8.7
108,서울,2021-07-13,28.8,26.3,429.0,31.5,1431,0.0,0.0,0.0,26.62857142857143,7,2021,여름,27.506451612903227,2.410520163172063,False,5.199999999999999
108,서울,2021-07-14,29.7,26.1,447.0,33.5,1508,0.0,0.0,0.0,27.1,7,2021,여름,27.506451612903227,2.410520163172063,False,7.399999999999999
108,서울,2021-07-15,29.1,25.9,2344.0,34.5,1347,2.07,0.0,0.0,27.542857142857144,7,2021,여름,27.506451612903227,2.410520163172063,False,8.600000000000001
108,서울,2021-07-16,28.8,24.2,508.0,35.2,1538,0.0,0.0,0.0,28.014285714285716,7,2021,여름,27.506451612903227,2.410520163172063,False,11.000000000000004
108,서울,2021-07-17,29.1,24.7,521.0,32.8,1557,0.17,0.0,0.0,28.47142857142857,7,2021,여름,27.506451612903227,2.410520163172063,False,8.099999999999998
108,서울,2021-07-18,29.6,25.7,551.0,34.1,1546,0.0,0.0,0.0,29.028571428571432,7,2021,여름,27.506451612903227,2.410520163172063,False,8.400000000000002
108,서울,2021-07-19,26.4,24.0,1532.0,30.5,1134,5.0,26.6,65.7,28.785714285714285,7,2021,여름,27.506451612903227,2.410520163172063,False,6.5
108,서울,2021-07-20,27.9,23.6,532.0,31.8,1159,0.83,0.0,0.0,28.657142857142862,7,2021,여름,27.506451612903227,2.410520163172063,False,8.2
108,서울,2021-07-21,30.5,25.3,556.0,35.3,1654,0.0,0.0,0.0,28.77142857142857,7,2021,여름,27.506451612903227,2.410520163172063,False,9.999999999999996
108,서울,2021-07-22,31.2,26.5,621.0,35.9,1615,0.0,0.0,0.0,29.071428571428573,7,2021,여름,27.506451612903227,2.410520163172063,False,9.399999999999999
108,서울,2021-07-23,31.2,27.2,541.0,35.8,1604,0.0,0.0,0.0,29.41428571428571,7,2021,여름,27.506451612903227,2.410520163172063,False,8.599999999999998
108,서울,2021-07-24,31.7,26.9,548.0,36.5,1508,0.0,0.0,0.0,29.785714285714285,7,2021,여름,27.506451612903227,2.410520163172063,False,9.600000000000001
108,서울,2021-07-25,31.5,27.2,542.0,35.9,1547,0.0,0.0,0.0,30.057142857142857,7,2021,여름,27.506451612903227,2.410520163172063,False,8.7
108,서울,2021-07-26,31.2,27.4,608.0,35.4,1521,0.0,0.0,0.0,30.74285714285714,7,2021,여름,27.506451612903227,2.410520163172063,False,8.0
108,서울,2021-07-27,31.1,27.8,601.0,35.7,1520,0.0,0.0,0.0,31.2,7,2021,여름,27.506451612903227,2.410520163172063,False,7.900000000000002
108,서울,2021-07-28,30.4,27.1,600.0,34.7,1456,1.33,0.0,0.0,31.185714285714283,7,2021,여름,27.506451612903227,2.410520163172063,False,7.600000000000001
108,서울,2021-07-29,29.6,27.0,529.0,33.3,1303,0.0,0.0,0.0,30.957142857142856,7,2021,여름,27.506451612903227,2.410520163172063,False,6.299999999999997
108,서울,2021-07-30,30.5,25.8,559.0,35.4,1406,0.0,0.0,0.0,30.857142857142858,7,2021,여름,27.506451612903227,2.410520163172063,False,9.599999999999998
108,서울,2021-07-31,29.8,26.8,538.0,34.3,1457,2.75,2.4,2.4,30.585714285714285,7,2021,여름,27.506451612903227,2.410520163172063,False,7.4999999999999964
108,서울,2021-08-01,27.1,25.1,2345.0,28.8,1237,13.42,7.3,8.7,29.957142857142856,8,2021,여름,27.272258064516127,2.5088812502339457,False,3.6999999999999993
108,서울,2021-08-02,26.5,25.0,17.0,28.6,1725,6.92,0.4,1.4,29.285714285714285,8,2021,여름,27.272258064516127,2.5088812502339457,False,3.6000000000000014
108,서울,2021-08-03,28.0,24.1,538.0,31.4,1441,0.35,0.0,0.0,28.842857142857145,8,2021,여름,27.272258064516127,2.5088812502339457,False,7.299999999999997
108,서울,2021-08-04,28.9,26.3,532.0,33.2,1426,0.0,0.0,0.0,28.62857142857143,8,2021,여름,27.272258064516127,2.5088812502339457,False,6.900000000000002
108,서울,2021-08-05,29.4,25.6,407.0,33.7,1511,0.0,0.0,0.0,28.6,8,2021,여름,27.272258064516127,2.5088812502339457,False,8.100000000000001
108,서울,2021-08-06,28.1,26.0,2332.0,32.2,1304,0.0,0.0,0.0,28.25714285714286,8,2021,여름,27.272258064516127,2.5088812502339457,False,6.200000000000003
108,서울,2021-08-07,28.0,23.4,547.0,32.3,1616,0.0,0.0,0.0,28.0,8,2021,여름,27.272258064516127,2.5088812502339457,False,8.899999999999999
108,서울,2021-08-08,26.8,24.4,607.0,32.1,1324,4.58,7.8,11.6,27.957142857142856,8,2021,여름,27.272258064516127,2.5088812502339457,False,7.700000000000003
108,서울,2021-08-09,28.3,23.3,455.0,33.6,1530,0.0,0.0,0.0,28.214285714285715,8,2021,여름,27.272258064516127,2.5088812502339457,False,10.3
108,서울,2021-08-10,27.7,24.3,549.0,32.2,1528,0.0,0.0,0.0,28.17142857142857,8,2021,여름,27.272258064516127,2.5088812502339457,False,7.900000000000002
108,서울,2021-08-11,27.4,24.1,630.0,31.6,1624,1.25,0.0,0.0,27.957142857142856,8,2021,여름,27.272258064516127,2.5088812502339457,False,7.5
108,서울,2021-08-12,26.8,24.0,2305.0,31.7,1432,1.08,0.0,0.0,27.585714285714285,8,2021,여름,27.272258064516127,2.5088812502339457,False,7.699999999999999
108,서울,2021-08-13,26.6,23.4,201.0,30.1,1620,0.0,0.0,0.0,27.37142857142857,8,2021,여름,27.272258064516127,2.5088812502339457,False,6.700000000000003
108,서울,2021-08-14,26.1,23.4,603.0,30.5,1449,0.0,0.0,0.0,27.099999999999998,8,2021,여름,27.272258064516127,2.5088812502339457,False,7.100000000000001
108,서울,2021-08-15,26.9,21.7,457.0,32.4,1614,0.0,0.0,0.0,27.11428571428571,8,2021,여름,27.272258064516127,2.5088812502339457,False,10.7
108,서울,2021-08-16,27.3,22.5,611.0,32.8,1627,0.92,0.0,0.0,26.97142857142857,8,2021,여름,27.272258064516127,2.5088812502339457,False,10.299999999999997
108,서울,2021-08-17,25.9,21.9,2357.0,31.3,1347,4.67,1.2,5.3,26.714285714285715,8,2021,여름,27.272258064516127,2.5088812502339457,False,9.400000000000002
108,서울,2021-08-18,24.3,20.6,806.0,31.0,1511,3.97,1.3,2.9,26.271428571428572,8,2021,여름,27.272258064516127,2.5088812502339457,False,10.399999999999999
108,서울,2021-08-19,26.0,21.0,429.0,31.5,1533,0.0,0.0,0.0,26.157142857142855,8,2021,여름,27.272258064516127,2.5088812502339457,False,10.5
108,서울,2021-08-20,26.6,22.6,609.0,30.7,1641,0.58,0.0,0.0,26.157142857142855,8,2021,여름,27.272258064516127,2.5088812502339457,False,8.099999999999998
108,서울,2021-08-21,23.8,21.0,1312.0,25.5,1600,11.33,11.9,27.9,25.82857142857143,8,2021,여름,27.272258064516127,2.5088812502339457,False,4.5
108,서울,2021-08-22,24.4,22.4,524.0,27.0,1319,1.0,0.0,0.0,25.47142857142857,8,2021,여름,27.272258064516127,2.5088812502339457,False,4.600000000000001
108,서울,2021-08-23,22.4,21.0,2132.0,24.0,1124,11.33,0.5,2.0,24.77142857142857,8,2021,여름,27.272258064516127,2.5088812502339457,False,3.0
108,서울,2021-08-24,23.4,21.1,1.0,26.4,1524,12.58,1.3,2.8,24.414285714285715,8,2021,여름,27.272258064516127,2.5088812502339457,False,5.299999999999997
108,서울,2021-08-25,25.0,23.5,603.0,27.3,1502,4.25,0.2,0.3,24.514285714285712,8,2021,여름,27.272258064516127,2.5088812502339457,False,3.8000000000000007
108,서울,2021-08-26,25.5,22.9,523.0,27.9,1442,1.17,0.7,0.7,24.442857142857143,8,2021,여름,27.272258064516127,2.5088812502339457,False,5.0
108,서울,2021-08-27,22.4,20.4,2317.0,25.5,1,10.38,0.3,0.7,23.842857142857145,8,2021,여름,27.272258064516127,2.5088812502339457,False,5.100000000000001
108,서울,2021-08-28,23.6,19.7,615.0,28.2,1443,0.0,0.0,0.0,23.814285714285713,8,2021,여름,27.272258064516127,2.5088812502339457,False,8.5
108,서울,2021-08-29,23.7,21.9,752.0,26.3,1640,3.17,0.5,0.7,23.714285714285715,8,2021,여름,27.272258064516127,2.5088812502339457,False,4.400000000000002
108,서울,2021-08-30,24.2,21.2,605.0,27.7,1543,1.17,0.0,0.0,23.97142857142857,8,2021,여름,27.272258064516127,2.5088812502339457,False,6.5
108,서울,2021-08-31,20.5,18.1,1810.0,23.1,1,16.55,4.4,12.4,23.557142857142857,8,2021,여름,27.272258064516127,2.5088812502339457,True,5.0
108,서울,2021-09-01,21.4,18.5,121.0,23.9,1525,4.08,0.7,3.1,23.042857142857144,9,2021,가을,23.509333333333334,2.6126524018144712,False,5.399999999999999
108,서울,2021-09-02,23.5,20.7,551.0,26.7,1359,0.0,0.0,0.0,22.75714285714286,9,2021,가을,23.509333333333334,2.6126524018144712,False,6.0
108,서울,2021-09-03,24.3,20.6,455.0,29.2,1543,0.0,0.0,0.0,23.02857142857143,9,2021,가을,23.509333333333334,2.6126524018144712,False,8.599999999999998
108,서울,2021-09-04,23.2,18.5,548.0,28.6,1505,0.0,0.0,0.0,22.97142857142857,9,2021,가을,23.509333333333334,2.6126524018144712,False,10.100000000000001
108,서울,2021-09-05,23.1,19.4,458.0,27.3,1311,0.0,0.0,0.0,22.885714285714283,9,2021,가을,23.509333333333334,2.6126524018144712,False,7.900000000000002
108,서울,2021-09-06,22.3,18.0,2345.0,26.4,1252,9.17,1.2,4.0,22.614285714285717,9,2021,가을,23.509333333333334,2.6126524018144712,False,8.399999999999999
108,서울,2021-09-07,19.6,17.6,112.0,20.9,1629,22.58,2.4,6.6,22.485714285714288,9,2021,가을,23.509333333333334,2.6126524018144712,False,3.299999999999997
108,서울,2021-09-08,22.2,19.0,543.0,26.9,1428,6.67,0.3,0.7,22.599999999999998,9,2021,가을,23.509333333333334,2.6126524018144712,False,7.899999999999999
108,서울,2021-09-09,23.5,19.1,432.0,29.1,1610,0.0,0.0,0.0,22.599999999999998,9,2021,가을,23.509333333333334,2.6126524018144712,False,10.0
108,서울,2021-09-10,23.6,19.5,615.0,28.9,1423,0.0,0.0,0.0,22.5,9,2021,가을,23.509333333333334,2.6126524018144712,False,9.399999999999999
108,서울,2021-09-11,24.0,19.9,619.0,29.4,1449,0.0,0.0,0.0,22.614285714285717,9,2021,가을,23.509333333333334,2.6126524018144712,False,9.5
108,서울,2021-09-12,24.2,19.2,624.0,29.8,1557,0.0,0.0,0.0,22.771428571428572,9,2021,가을,23.509333333333334,2.6126524018144712,False,10.600000000000001
108,서울,2021-09-13,24.8,20.8,610.0,30.3,1504,0.0,0.0,0.0,23.128571428571426,9,2021,가을,23.509333333333334,2.6126524018144712,False,9.5
108,서울,2021-09-14,24.6,20.0,615.0,29.5,1626,0.0,0.0,0.0,23.842857142857145,9,2021,가을,23.509333333333334,2.6126524018144712,False,9.5
108,서울,2021-09-15,23.6,19.5,620.0,28.9,1442,0.0,0.0,0.0,24.042857142857144,9,2021,가을,23.509333333333334,2.6126524018144712,False,9.399999999999999
108,서울,2021-09-16,22.9,18.0,551.0,27.3,1323,0.0,0.0,0.0,23.95714285714286,9,2021,가을,23.509333333333334,2.6126524018144712,False,9.3
108,서울,2021-09-17,23.5,20.5,658.0,28.2,1506,0.0,0.0,0.0,23.942857142857147,9,2021,가을,23.509333333333334,2.6126524018144712,False,7.699999999999999
108,서울,2021-09-18,23.9,18.9,653.0,29.8,1529,0.0,0.0,0.0,23.928571428571427,9,2021,가을,23.509333333333334,2.6126524018144712,False,10.900000000000002
108,서울,2021-09-19,23.7,20.8,2356.0,27.8,1513,0.0,0.0,0.0,23.857142857142858,9,2021,가을,23.509333333333334,2.6126524018144712,False,7.0
108,서울,2021-09-20,23.7,19.0,603.0,28.4,1523,0.0,0.0,0.0,23.699999999999996,9,2021,가을,23.509333333333334,2.6126524018144712,False,9.399999999999999
108,서울,2021-09-21,22.0,17.4,2353.0,26.2,1446,9.58,7.5,27.1,23.328571428571426,9,2021,가을,23.509333333333334,2.6126524018144712,False,8.8
108,서울,2021-09-22,20.2,16.8,436.0,24.3,1524,2.0,1.9,4.2,22.842857142857145,9,2021,가을,23.509333333333334,2.6126524018144712,False,7.5
108,서울,2021-09-23,20.9,16.9,300.0,25.9,1617,0.0,0.0,0.0,22.557142857142853,9,2021,가을,23.509333333333334,2.6126524018144712,False,9.0
108,서울,2021-09-24,21.8,16.7,619.0,26.9,1529,0.0,0.0,0.0,22.314285714285713,9,2021,가을,23.509333333333334,2.6126524018144712,False,10.2
108,서울,2021-09-25,21.2,18.7,427.0,23.1,1607,0.0,0.0,0.0,21.928571428571427,9,2021,가을,23.509333333333334,2.6126524018144712,False,4.400000000000002
108,서울,2021-09-26,22.6,18.4,645.0,27.3,1535,0.0,0.0,0.0,21.771428571428572,9,2021,가을,23.509333333333334,2.6126524018144712,False,8.900000000000002
108,서울,2021-09-27,21.6,18.7,544.0,25.0,1208,5.67,0.0,0.0,21.47142857142857,9,2021,가을,23.509333333333334,2.6126524018144712,False,6.300000000000001
108,서울,2021-09-28,21.5,19.6,410.0,24.4,1247,9.28,0.3,0.7,21.400000000000002,9,2021,가을,23.509333333333334,2.6126524018144712,False,4.799999999999997
108,서울,2021-09-29,20.2,17.8,2400.0,21.4,1132,12.25,1.6,5.0,21.4,9,2021,가을,23.509333333333334,2.6126524018144712,False,3.599999999999998
108,서울,2021-09-30,20.3,16.0,609.0,25.9,1506,0.0,0.0,0.0,21.314285714285717,9,2021,가을,23.509333333333334,2.6126524018144712,False,9.899999999999999
108,서울,2021-10-01,21.1,16.9,605.0,27.5,1416,2.17,8.5,12.7,21.214285714285715,10,2021,가을,15.81225806451613,3.450208641985292,False,10.600000000000001
108,서울,2021-10-02,20.7,16.4,540.0,26.6,1516,0.0,0.0,0.0,21.142857142857142,10,2021,가을,15.81225806451613,3.450208641985292,False,10.200000000000003
108,서울,2021-10-03,22.3,17.1,552.0,28.8,1447,0.0,0.0,0.0,21.1,10,2021,가을,15.81225806451613,3.450208641985292,False,11.7
108,서울,2021-10-04,22.9,19.2,223.0,25.6,1509,6.17,1.1,3.5,21.285714285714285,10,2021,가을,15.81225806451613,3.450208641985292,True,6.400000000000002
108,서울,2021-10-05,23.6,21.7,2338.0,26.5,1335,2.92,0.0,0.0,21.585714285714285,10,2021,가을,15.81225806451613,3.450208641985292,True,4.800000000000001
108,서울,2021-10-06,18.8,17.9,829.0,21.7,1,11.92,0.6,2.0,21.38571428571429,10,2021,가을,15.81225806451613,3.450208641985292,False,3.8000000000000007
108,서울,2021-10-07,19.4,17.9,2353.0,21.9,1345,6.08,1.2,3.8,21.25714285714286,10,2021,가을,15.81225806451613,3.450208641985292,False,4.0
108,서울,2021-10-08,18.8,17.5,117.0,20.0,1359,8.58,0.3,0.9,20.928571428571427,10,2021,가을,15.81225806451613,3.450208641985292,False,2.5
108,서울,2021-10-09,20.9,18.5,339.0,24.1,1632,3.5,0.2,0.3,20.957142857142856,10,2021,가을,15.81225806451613,3.450208641985292,False,5.600000000000001
108,서울,2021-10-10,19.9,14.9,2357.0,24.3,1209,13.33,1.4,4.4,20.614285714285717,10,2021,가을,15.81225806451613,3.450208641985292,False,9.4
108,서울,2021-10-11,15.2,12.6,646.0,17.8,1614,4.83,0.2,0.3,19.514285714285712,10,2021,가을,15.81225806451613,3.450208641985292,False,5.200000000000001
108,서울,2021-10-12,17.9,15.8,130.0,21.3,1556,0.0,0.0,0.0,18.7,10,2021,가을,15.81225806451613,3.450208641985292,False,5.5
108,서울,2021-10-13,19.6,14.9,445.0,25.2,1555,0.0,0.0,0.0,18.814285714285713,10,2021,가을,15.81225806451613,3.450208641985292,False,10.299999999999999
108,서울,2021-10-14,19.7,17.4,659.0,23.9,1444,0.0,0.0,0.0,18.857142857142858,10,2021,가을,15.81225806451613,3.450208641985292,False,6.5
108,서울,2021-10-15,19.0,17.0,637.0,21.4,1356,7.83,0.0,0.0,18.885714285714283,10,2021,가을,15.81225806451613,3.450208641985292,False,4.399999999999999
108,서울,2021-10-16,10.7,4.2,2327.0,18.1,1,2.17,0.0,0.0,17.428571428571427,10,2021,가을,15.81225806451613,3.450208641985292,False,13.900000000000002
108,서울,2021-10-17,5.6,1.3,657.0,10.8,1548,0.0,0.0,0.0,15.385714285714286,10,2021,가을,15.81225806451613,3.450208641985292,True,9.5
108,서울,2021-10-18,9.6,2.8,453.0,16.1,1347,4.08,1.3,4.8,14.585714285714285,10,2021,가을,15.81225806451613,3.450208641985292,False,13.3
108,서울,2021-10-19,10.9,7.1,2359.0,15.0,1336,2.75,1.0,3.1,13.585714285714285,10,2021,가을,15.81225806451613,3.450208641985292,False,7.9
108,서울,2021-10-20,9.5,4.6,612.0,15.8,1515,0.0,0.0,0.0,12.142857142857142,10,2021,가을,15.81225806451613,3.450208641985292,False,11.200000000000001
108,서울,2021-10-21,9.8,4.9,658.0,16.2,1511,0.0,0.0,0.0,10.728571428571428,10,2021,가을,15.81225806451613,3.450208641985292,False,11.299999999999999
108,서울,2021-10-22,10.8,5.2,658.0,17.2,1543,0.0,0.0,0.0,9.557142857142855,10,2021,가을,15.81225806451613,3.450208641985292,False,12.0
108,서울,2021-10-23,11.4,5.7,716.0,18.4,1408,0.0,0.0,0.0,9.657142857142857,10,2021,가을,15.81225806451613,3.450208641985292,False,12.7
108,서울,2021-10-24,11.4,6.0,713.0,18.1,1522,0.0,0.0,0.0,10.485714285714286,10,2021,가을,15.81225806451613,3.450208641985292,False,12.100000000000001
108,서울,2021-10-25,11.7,6.3,717.0,17.6,1528,0.0,0.0,0.0,10.785714285714286,10,2021,가을,15.81225806451613,3.450208641985292,False,11.3
108,서울,2021-10-26,13.0,7.7,638.0,19.0,1441,0.0,0.0,0.0,11.085714285714285,10,2021,가을,15.81225806451613,3.450208641985292,False,11.3
108,서울,2021-10-27,13.4,9.8,2349.0,18.1,1557,0.75,0.0,0.0,11.642857142857142,10,2021,가을,15.81225806451613,3.450208641985292,False,8.3
108,서울,2021-10-28,12.7,7.1,709.0,20.0,1537,0.0,0.0,0.0,12.057142857142859,10,2021,가을,15.81225806451613,3.450208641985292,False,12.9
108,서울,2021-10-29,14.6,10.5,511.0,20.6,1456,0.0,0.0,0.0,12.6,10,2021,가을,15.81225806451613,3.450208641985292,False,10.100000000000001
108,서울,2021-10-30,13.8,11.0,704.0,18.0,1612,0.0,0.0,0.0,12.942857142857141,10,2021,가을,15.81225806451613,3.450208641985292,False,7.0
108,서울,2021-10-31,14.1,9.2,652.0,20.3,1426,0.58,0.7,0.7,13.328571428571427,10,2021,가을,15.81225806451613,3.450208641985292,False,11.100000000000001
108,서울,2021-11-01,12.9,10.3,717.0,16.9,1452,0.0,0.0,0.0,13.5,11,2021,가을,8.728,5.004067070725786,False,6.599999999999998
108,서울,2021-11-02,11.5,7.9,541.0,16.9,1452,0.0,0.0,0.0,13.285714285714286,11,2021,가을,8.728,5.004067070725786,False,8.999999999999998
108,서울,2021-11-03,12.1,7.6,709.0,17.1,1349,0.0,0.0,0.0,13.1,11,2021,가을,8.728,5.004067070725786,False,9.500000000000002
108,서울,2021-11-04,12.1,8.4,718.0,16.3,1611,0.25,0.0,0.0,13.014285714285714,11,2021,가을,8.728,5.004067070725786,False,7.9
108,서울,2021-11-05,13.0,7.8,711.0,20.2,1432,0.0,0.0,0.0,12.785714285714286,11,2021,가을,8.728,5.004067070725786,False,12.399999999999999
108,서울,2021-11-06,14.1,8.8,617.0,21.3,1416,0.0,0.0,0.0,12.828571428571431,11,2021,가을,8.728,5.004067070725786,False,12.5
108,서울,2021-11-07,15.3,9.7,709.0,21.3,1332,0.0,0.0,0.0,13.0,11,2021,가을,8.728,5.004067070725786,False,11.600000000000001
108,서울,2021-11-08,8.6,4.5,2347.0,15.5,1,18.5,0.0,0.0,12.385714285714286,11,2021,가을,8.728,5.004067070725786,False,11.0
108,서울,2021-11-09,4.9,3.0,348.0,6.5,1630,11.08,0.0,0.0,11.442857142857145,11,2021,가을,8.728,5.004067070725786,False,3.5
108,서울,2021-11-10,4.2,0.7,452.0,7.7,1526,4.58,0.0,0.0,10.314285714285715,11,2021,가을,8.728,5.004067070725786,False,7.0
108,서울,2021-11-11,5.3,2.1,530.0,9.7,1238,0.17,0.0,0.0,9.342857142857143,11,2021,가을,8.728,5.004067070725786,False,7.6
108,서울,2021-11-12,4.5,1.3,729.0,8.6,1413,0.0,0.0,0.0,8.12857142857143,11,2021,가을,8.728,5.004067070725786,False,7.3
108,서울,2021-11-13,7.3,0.5,704.0,13.4,1336,0.0,0.0,0.0,7.1571428571428575,11,2021,가을,8.728,5.004067070725786,False,12.9
108,서울,2021-11-14,11.3,7.8,509.0,16.4,1332,0.0,0.0,0.0,6.5857142857142845,11,2021,가을,8.728,5.004067070725786,False,8.599999999999998
108,서울,2021-11-15,10.1,5.8,738.0,15.7,1432,0.0,0.0,0.0,6.8,11,2021,가을,8.728,5.004067070725786,False,9.899999999999999
108,서울,2021-11-16,8.5,4.4,716.0,13.6,1358,0.0,0.0,0.0,7.314285714285715,11,2021,가을,8.728,5.004067070725786,False,9.2
108,서울,2021-11-17,7.5,2.7,655.0,12.5,1248,0.0,0.0,0.0,7.785714285714286,11,2021,가을,8.728,5.004067070725786,False,9.8
108,서울,2021-11-18,11.9,7.7,25.0,16.2,1410,2.08,0.0,0.0,8.72857142857143,11,2021,가을,8.728,5.004067070725786,False,8.5
108,서울,2021-11-19,12.9,10.2,2356.0,16.7,1425,0.0,0.0,0.0,9.928571428571429,11,2021,가을,8.728,5.004067070725786,False,6.5
108,서울,2021-11-20,10.4,6.8,728.0,15.6,1446,0.0,0.0,0.0,10.37142857142857,11,2021,가을,8.728,5.004067070725786,False,8.8
108,서울,2021-11-21,10.4,7.6,2358.0,13.1,1350,2.92,0.0,0.0,10.242857142857144,11,2021,가을,8.728,5.004067070725786,False,5.5
108,서울,2021-11-22,2.7,-0.6,2342.0,7.5,1,2.92,0.0,0.0,9.185714285714285,11,2021,가을,8.728,5.004067070725786,False,8.1
108,서울,2021-11-23,-0.6,-3.7,728.0,2.3,1519,0.0,0.0,0.0,7.885714285714286,11,2021,가을,8.728,5.004067070725786,False,6.0
108,서울,2021-11-24,4.1,-2.6,248.0,9.1,1330,0.17,0.0,0.0,7.4,11,2021,가을,8.728,5.004067070725786,False,11.7
108,서울,2021-11-25,5.7,2.6,2352.0,9.9,1356,0.0,0.0,0.0,6.514285714285715,11,2021,가을,8.728,5.004067070725786,False,7.300000000000001
108,서울,2021-11-26,2.9,-0.5,556.0,7.2,1214,0.83,0.0,0.0,5.085714285714286,11,2021,가을,8.728,5.004067070725786,False,7.7
108,서울,2021-11-27,3.4,-1.4,730.0,10.1,1503,0.0,0.0,0.0,4.085714285714286,11,2021,가을,8.728,5.004067070725786,False,11.5
108,서울,2021-11-28,5.1,-1.3,743.0,12.4,1415,0.0,0.0,0.0,3.3285714285714287,11,2021,가을,8.728,5.004067070725786,False,13.700000000000001
108,서울,2021-11-29,7.6,2.5,606.0,13.7,1541,0.0,0.0,0.0,4.0285714285714285,11,2021,가을,8.728,5.004067070725786,False,11.2
108,서울,2021-11-30,5.7,0.7,2356.0,8.9,1334,13.75,0.0,0.0,4.928571428571429,11,2021,가을,8.728,5.004067070725786,False,8.200000000000001
108,서울,2021-12-01,-1.3,-3.0,2335.0,1.5,1541,0.0,0.0,0.0,4.157142857142857,12,2021,겨울,0.19354838709677422,4.998424133734095,False,4.5
108,서울,2021-12-02,1.3,-4.6,724.0,5.0,2029,2.58,0.0,0.0,3.5285714285714285,12,2021,겨울,0.19354838709677422,4.998424133734095,False,9.6
108,서울,2021-12-03,1.9,-1.8,2348.0,4.6,319,2.0,0.0,0.0,3.3857142857142857,12,2021,겨울,0.19354838709677422,4.998424133734095,False,6.3999999999999995
108,서울,2021-12-04,1.4,-2.7,420.0,7.0,1454,0.0,0.0,0.0,3.1,12,2021,겨울,0.19354838709677422,4.998424133734095,False,9.7
108,서울,2021-12-05,2.9,-2.3,728.0,9.6,1423,0.0,0.0,0.0,2.7857142857142856,12,2021,겨울,0.19354838709677422,4.998424133734095,False,11.899999999999999
108,서울,2021-12-06,5.4,-0.7,654.0,12.1,1421,0.0,0.0,0.0,2.471428571428571,12,2021,겨울,0.19354838709677422,4.998424133734095,False,12.799999999999999
108,서울,2021-12-07,6.8,2.6,721.0,13.3,1512,0.0,0.0,0.0,2.6285714285714286,12,2021,겨울,0.19354838709677422,4.998424133734095,False,10.700000000000001
108,서울,2021-12-08,6.7,1.9,731.0,13.3,1456,0.0,0.0,0.0,3.7714285714285714,12,2021,겨울,0.19354838709677422,4.998424133734095,False,11.4
108,서울,2021-12-09,6.5,2.7,526.0,9.7,1440,0.0,0.0,0.0,4.514285714285714,12,2021,겨울,0.19354838709677422,4.998424133734095,False,6.999999999999999
108,서울,2021-12-10,7.0,5.8,2139.0,8.2,1441,2.78,0.0,0.0,5.242857142857143,12,2021,겨울,0.19354838709677422,4.998424133734095,False,2.3999999999999995
108,서울,2021-12-11,6.0,4.4,753.0,9.8,1338,0.0,0.0,0.0,5.9,12,2021,겨울,0.19354838709677422,4.998424133734095,False,5.4
108,서울,2021-12-12,1.2,-3.8,2342.0,5.1,7,0.0,0.0,0.0,5.657142857142857,12,2021,겨울,0.19354838709677422,4.998424133734095,False,8.899999999999999
108,서울,2021-12-13,-2.2,-5.9,640.0,1.9,1540,0.0,0.0,0.0,4.571428571428571,12,2021,겨울,0.19354838709677422,4.998424133734095,False,7.800000000000001
108,서울,2021-12-14,3.7,-0.7,1.0,8.2,1349,7.58,0.0,0.0,4.128571428571429,12,2021,겨울,0.19354838709677422,4.998424133734095,False,8.899999999999999
108,서울,2021-12-15,7.2,5.4,2358.0,10.0,1226,4.25,0.0,0.0,4.2,12,2021,겨울,0.19354838709677422,4.998424133734095,False,4.6
108,서울,2021-12-16,6.4,3.3,2355.0,9.8,1322,0.38,0.0,0.0,4.185714285714285,12,2021,겨울,0.19354838709677422,4.998424133734095,False,6.500000000000001
108,서울,2021-12-17,-5.6,-10.1,2333.0,3.2,1,0.0,0.0,0.0,2.3857142857142857,12,2021,겨울,0.19354838709677422,4.998424133734095,False,13.3
108,서울,2021-12-18,-5.7,-11.2,801.0,-1.8,1402,4.33,0.0,0.0,0.7142857142857144,12,2021,겨울,0.19354838709677422,4.998424133734095,False,9.399999999999999
108,서울,2021-12-19,-0.8,-5.8,811.0,4.2,1544,1.17,0.0,0.0,0.4285714285714287,12,2021,겨울,0.19354838709677422,4.998424133734095,False,10.0
108,서울,2021-12-20,5.2,-0.9,1.0,11.1,1336,0.33,0.0,0.0,1.485714285714286,12,2021,겨울,0.19354838709677422,4.998424133734095,False,12.0
108,서울,2021-12-21,5.2,0.8,2358.0,8.9,1508,0.0,0.0,0.0,1.7000000000000004,12,2021,겨울,0.19354838709677422,4.998424133734095,False,8.1
108,서울,2021-12-22,2.2,-2.6,717.0,8.2,1512,0.0,0.0,0.0,0.9857142857142859,12,2021,겨울,0.19354838709677422,4.998424133734095,False,10.799999999999999
108,서울,2021-12-23,2.7,-1.5,716.0,8.3,1451,0.0,0.0,0.0,0.4571428571428573,12,2021,겨울,0.19354838709677422,4.998424133734095,False,9.8
108,서울,2021-12-24,-0.3,-7.3,2400.0,3.2,1157,2.33,0.0,0.0,1.2142857142857142,12,2021,겨울,0.19354838709677422,4.998424133734095,False,10.5
108,서울,2021-12-25,-11.7,-14.4,2258.0,-7.3,1,0.0,0.0,0.0,0.35714285714285715,12,2021,겨울,0.19354838709677422,4.998424133734095,True,7.1000000000000005
108,서울,2021-12-26,-12.1,-15.5,817.0,-7.3,1526,0.0,0.0,0.0,-1.257142857142857,12,2021,겨울,0.19354838709677422,4.998424133734095,True,8.2
108,서울,2021-12-27,-7.6,-12.9,123.0,-3.9,1634,2.08,0.0,0.0,-3.085714285714286,12,2021,겨울,0.19354838709677422,4.998424133734095,False,9.0
108,서울,2021-12-28,-4.1,-8.5,712.0,-0.9,1600,0.0,0.0,0.0,-4.414285714285714,12,2021,겨울,0.19354838709677422,4.998424133734095,False,7.6
108,서울,2021-12-29,0.4,-3.8,154.0,5.9,1518,1.58,0.0,0.0,-4.671428571428572,12,2021,겨울,0.19354838709677422,4.998424133734095,False,9.7
108,서울,2021-12-30,-3.9,-6.8,714.0,0.2,1531,0.5,0.0,0.0,-5.614285714285714,12,2021,겨울,0.19354838709677422,4.998424133734095,False,7.0
108,서울,2021-12-31,-6.7,-8.8,745.0,-3.9,1510,0.0,0.0,0.0,-6.528571428571429,12,2021,겨울,0.19354838709677422,4.998424133734095,False,4.9
108,서울,2022-01-01,-4.3,-10.2,710.0,2.3,1544,0.0,0.0,0.0,-5.471428571428571,1,2022,겨울,-1.401290322580645,4.526157555848039,False,12.5
108,서울,2022-01-02,-1.3,-5.2,2356.0,3.0,1551,4.17,0.0,0.0,-3.9285714285714284,1,2022,겨울,-1.401290322580645,4.526157555848039,False,8.2
108,서울,2022-01-03,-1.9,-8.0,714.0,2.5,1542,4.0,0.0,0.0,-3.114285714285714,1,2022,겨울,-1.401290322580645,4.526157555848039,False,10.5
108,서울,2022-01-04,-2.5,-5.6,2400.0,1.0,1445,0.92,0.0,0.0,-2.8857142857142857,1,2022,겨울,-1.401290322580645,4.526157555848039,False,6.6
108,서울,2022-01-05,-2.8,-7.8,634.0,1.9,1518,0.0,0.0,0.0,-3.3428571428571425,1,2022,겨울,-1.401290322580645,4.526157555848039,False,9.7
108,서울,2022-01-06,-2.2,-5.9,745.0,3.3,1604,0.0,0.0,0.0,-3.1,1,2022,겨울,-1.401290322580645,4.526157555848039,False,9.2
108,서울,2022-01-07,-1.6,-5.9,634.0,4.5,1525,0.0,0.0,0.0,-2.3714285714285714,1,2022,겨울,-1.401290322580645,4.526157555848039,False,10.4
108,서울,2022-01-08,0.3,-5.0,729.0,3.7,1623,0.17,0.0,0.0,-1.7142857142857142,1,2022,겨울,-1.401290322580645,4.526157555848039,False,8.7
108,서울,2022-01-09,1.3,-1.2,2353.0,5.6,1522,0.0,0.0,0.0,-1.3428571428571427,1,2022,겨울,-1.401290322580645,4.526157555848039,False,6.8
108,서울,2022-01-10,0.5,-3.4,735.0,4.4,1348,3.83,0.0,0.0,-1.0,1,2022,겨울,-1.401290322580645,4.526157555848039,False,7.800000000000001
108,서울,2022-01-11,-7.4,-10.3,2326.0,0.3,1,1.5,0.0,0.0,-1.7,1,2022,겨울,-1.401290322580645,4.526157555848039,False,10.600000000000001
108,서울,2022-01-12,-7.7,-11.3,223.0,-3.4,1521,0.0,0.0,0.0,-2.4,1,2022,겨울,-1.401290322580645,4.526157555848039,False,7.9
108,서울,2022-01-13,-6.4,-8.9,2352.0,-3.1,1456,0.0,0.0,0.0,-3.0,1,2022,겨울,-1.401290322580645,4.526157555848039,False,5.800000000000001
108,서울,2022-01-14,-4.8,-10.1,750.0,1.3,1526,0.0,0.0,0.0,-3.457142857142857,1,2022,겨울,-1.401290322580645,4.526157555848039,False,11.4
108,서울,2022-01-15,-1.0,-5.3,426.0,1.8,1545,0.92,0.0,0.0,-3.642857142857143,1,2022,겨울,-1.401290322580645,4.526157555848039,False,7.1
108,서울,2022-01-16,-2.0,-7.2,2352.0,2.4,208,0.42,0.0,0.0,-4.114285714285715,1,2022,겨울,-1.401290322580645,4.526157555848039,False,9.6
108,서울,2022-01-17,-5.8,-9.2,518.0,0.1,1317,4.92,0.0,0.0,-5.014285714285714,1,2022,겨울,-1.401290322580645,4.526157555848039,False,9.299999999999999
108,서울,2022-01-18,-5.6,-9.9,744.0,-0.7,1514,0.0,0.0,0.0,-4.757142857142858,1,2022,겨울,-1.401290322580645,4.526157555848039,False,9.200000000000001
108,서울,2022-01-19,-5.3,-7.7,2357.0,-2.7,1558,7.08,0.0,0.0,-4.414285714285714,1,2022,겨울,-1.401290322580645,4.526157555848039,False,5.0
108,서울,2022-01-20,-5.0,-9.8,605.0,0.9,1603,0.0,0.0,0.0,-4.214285714285714,1,2022,겨울,-1.401290322580645,4.526157555848039,False,10.700000000000001
108,서울,2022-01-21,-2.7,-8.7,755.0,4.6,1534,0.0,0.0,0.0,-3.914285714285714,1,2022,겨울,-1.401290322580645,4.526157555848039,False,13.299999999999999
108,서울,2022-01-22,0.3,-5.0,734.0,7.1,1512,0.0,0.0,0.0,-3.728571428571428,1,2022,겨울,-1.401290322580645,4.526157555848039,False,12.1
108,서울,2022-01-23,2.0,-0.6,549.0,6.7,1411,0.0,0.0,0.0,-3.157142857142857,1,2022,겨울,-1.401290322580645,4.526157555848039,False,7.3
108,서울,2022-01-24,4.6,1.3,1.0,8.4,1329,0.0,0.0,0.0,-1.6714285714285713,1,2022,겨울,-1.401290322580645,4.526157555848039,False,7.1000000000000005
108,서울,2022-01-25,2.8,1.9,822.0,4.5,1,11.75,0.0,0.0,-0.47142857142857153,1,2022,겨울,-1.401290322580645,4.526157555848039,False,2.6
108,서울,2022-01-26,1.3,-1.9,639.0,6.8,1429,0.0,0.0,0.0,0.47142857142857125,1,2022,겨울,-1.401290322580645,4.526157555848039,False,8.7
108,서울,2022-01-27,-1.1,-4.6,757.0,4.0,1541,0.0,0.0,0.0,1.0285714285714285,1,2022,겨울,-1.401290322580645,4.526157555848039,False,8.6
108,서울,2022-01-28,-2.7,-5.9,811.0,2.1,1516,0.0,0.0,0.0,1.0285714285714282,1,2022,겨울,-1.401290322580645,4.526157555848039,False,8.0
108,서울,2022-01-29,-3.6,-7.2,741.0,0.9,1531,0.0,0.0,0.0,0.47142857142857136,1,2022,겨울,-1.401290322580645,4.526157555848039,False,8.1
108,서울,2022-01-30,-2.8,-8.0,713.0,2.4,1629,0.0,0.0,0.0,-0.21428571428571436,1,2022,겨울,-1.401290322580645,4.526157555848039,False,10.4
108,서울,2022-01-31,-0.7,-6.8,736.0,4.8,1507,2.75,0.0,0.0,-0.9714285714285714,1,2022,겨울,-1.401290322580645,4.526157555848039,False,11.6
108,서울,2022-02-01,-1.3,-2.7,2345.0,0.9,1601,4.83,0.0,0.0,-1.557142857142857,2,2022,겨울,1.3283687943262412,4.435495241170688,False,3.6
108,서울,2022-02-02,-3.4,-6.0,541.0,0.0,1529,0.0,0.0,0.0,-2.2285714285714286,2,2022,겨울,1.3283687943262412,4.435495241170688,False,6.0
108,서울,2022-02-03,-3.4,-6.9,746.0,0.4,1458,0.0,0.0,0.0,-2.557142857142857,2,2022,겨울,1.3283687943262412,4.435495241170688,False,7.300000000000001
108,서울,2022-02-04,-5.2,-8.2,2356.0,-0.7,1404,0.67,0.0,0.0,-2.914285714285714,2,2022,겨울,1.3283687943262412,4.435495241170688,False,7.499999999999999
108,서울,2022-02-05,-6.6,-9.7,742.0,-2.0,1508,0.0,0.0,0.0,-3.3428571428571425,2,2022,겨울,1.3283687943262412,4.435495241170688,False,7.699999999999999
108,서울,2022-02-06,-3.9,-8.4,500.0,1.7,1537,0.0,0.0,0.0,-3.5,2,2022,겨울,1.3283687943262412,4.435495241170688,False,10.1
108,서울,2022-02-07,-2.5,-7.3,510.0,1.9,1259,0.0,0.0,0.0,-3.7571428571428567,2,2022,겨울,1.3283687943262412,4.435495241170688,False,9.2
108,서울,2022-02-08,-0.1,-4.1,629.0,5.6,1555,0.0,0.0,0.0,-3.585714285714286,2,2022,겨울,1.3283687943262412,4.435495241170688,False,9.7
108,서울,2022-02-09,1.0,-4.3,757.0,7.2,1400,0.0,0.0,0.0,-2.957142857142857,2,2022,겨울,1.3283687943262412,4.435495241170688,False,11.5
108,서울,2022-02-10,1.4,-3.2,707.0,6.7,1544,0.0,0.0,0.0,-2.2714285714285714,2,2022,겨울,1.3283687943262412,4.435495241170688,False,9.9
108,서울,2022-02-11,2.9,-2.6,740.0,8.8,1449,0.0,0.0,0.0,-1.114285714285714,2,2022,겨울,1.3283687943262412,4.435495241170688,False,11.4
108,서울,2022-02-12,4.8,-0.1,727.0,10.4,1605,0.0,0.0,0.0,0.5142857142857143,2,2022,겨울,1.3283687943262412,4.435495241170688,False,10.5
108,서울,2022-02-13,4.8,1.6,330.0,9.5,1616,0.0,0.0,0.0,1.7571428571428573,2,2022,겨울,1.3283687943262412,4.435495241170688,False,7.9
108,서울,2022-02-14,2.5,-1.3,2352.0,8.1,1248,2.42,0.0,0.0,2.4714285714285715,2,2022,겨울,1.3283687943262412,4.435495241170688,False,9.4
108,서울,2022-02-15,-4.7,-7.7,2321.0,-1.3,1,12.17,0.0,0.0,1.8142857142857145,2,2022,겨울,1.3283687943262412,4.435495241170688,False,6.4
108,서울,2022-02-16,-7.3,-9.6,2400.0,-4.1,1526,0.33,0.0,0.0,0.6285714285714284,2,2022,겨울,1.3283687943262412,4.435495241170688,False,5.5
108,서울,2022-02-17,-6.2,-10.7,752.0,-0.5,1554,0.0,0.0,0.0,-0.45714285714285713,2,2022,겨울,1.3283687943262412,4.435495241170688,False,10.2
108,서울,2022-02-18,-1.2,-8.0,716.0,5.7,1531,0.0,0.0,0.0,-1.042857142857143,2,2022,겨울,1.3283687943262412,4.435495241170688,False,13.7
108,서울,2022-02-19,-1.7,-6.2,2345.0,3.7,1403,2.17,0.0,0.0,-1.9714285714285713,2,2022,겨울,1.3283687943262412,4.435495241170688,False,9.9
108,서울,2022-02-20,-4.8,-8.4,703.0,-0.5,1548,0.0,0.0,0.0,-3.3428571428571425,2,2022,겨울,1.3283687943262412,4.435495241170688,False,7.9
108,서울,2022-02-21,-3.0,-8.1,623.0,3.6,1415,2.58,0.0,0.0,-4.128571428571428,2,2022,겨울,1.3283687943262412,4.435495241170688,False,11.7
108,서울,2022-02-22,-4.5,-8.0,2400.0,0.5,1438,0.0,0.0,0.0,-4.1,2,2022,겨울,1.3283687943262412,4.435495241170688,False,8.5
108,서울,2022-02-23,-5.6,-10.0,721.0,-0.6,1623,0.0,0.0,0.0,-3.857142857142857,2,2022,겨울,1.3283687943262412,4.435495241170688,False,9.4
108,서울,2022-02-24,-2.4,-8.5,508.0,3.7,1454,0.0,0.0,0.0,-3.314285714285714,2,2022,겨울,1.3283687943262412,4.435495241170688,False,12.2
108,서울,2022-02-25,3.0,-3.6,716.0,8.4,1537,0.0,0.0,0.0,-2.7142857142857144,2,2022,겨울,1.3283687943262412,4.435495241170688,False,12.0
108,서울,2022-02-26,5.4,1.0,2355.0,9.3,1313,3.58,0.0,0.0,-1.7,2,2022,겨울,1.3283687943262412,4.435495241170688,False,8.3
108,서울,2022-02-27,3.7,-1.6,730.0,9.1,1513,0.0,0.0,0.0,-0.48571428571428565,2,2022,겨울,1.3283687943262412,4.435495241170688,False,10.7
108,서울,2022-02-28,6.8,2.7,48.0,11.5,1626,0.0,0.0,0.0,0.9142857142857144,2,2022,겨울,1.3283687943262412,4.435495241170688,False,8.8
108,서울,2022-03-01,5.8,0.3,2355.0,9.7,1616,7.08,0.0,0.0,2.3857142857142857,3,2022,봄,8.282580645161291,3.7498943428768534,False,9.399999999999999
108,서울,2022-03-02,3.5,-2.3,611.0,8.8,1256,0.0,0.0,0.0,3.6857142857142855,3,2022,봄,8.282580645161291,3.7498943428768534,False,11.100000000000001
108,서울,2022-03-03,5.8,0.9,720.0,12.4,1413,0.0,0.0,0.0,4.857142857142857,3,2022,봄,8.282580645161291,3.7498943428768534,False,11.5
108,서울,2022-03-04,6.9,0.6,652.0,14.6,1338,0.0,0.0,0.0,5.414285714285714,3,2022,봄,8.282580645161291,3.7498943428768534,False,14.0
108,서울,2022-03-05,2.3,-0.7,2341.0,6.7,1600,0.0,0.0,0.0,4.971428571428572,3,2022,봄,8.282580645161291,3.7498943428768534,False,7.4
108,서울,2022-03-06,1.4,-3.0,629.0,6.8,1603,0.0,0.0,0.0,4.642857142857143,3,2022,봄,8.282580645161291,3.7498943428768534,False,9.8
108,서울,2022-03-07,2.8,-2.7,703.0,8.7,1505,0.0,0.0,0.0,4.071428571428571,3,2022,봄,8.282580645161291,3.7498943428768534,False,11.399999999999999
108,서울,2022-03-08,6.0,1.1,307.0,12.3,1455,0.0,0.0,0.0,4.1000000000000005,3,2022,봄,8.282580645161291,3.7498943428768534,False,11.200000000000001
108,서울,2022-03-09,7.1,1.7,706.0,14.8,1520,0.0,0.0,0.0,4.614285714285714,3,2022,봄,8.282580645161291,3.7498943428768534,False,13.100000000000001
108,서울,2022-03-10,9.3,4.2,658.0,15.8,1534,0.0,0.0,0.0,5.114285714285714,3,2022,봄,8.282580645161291,3.7498943428768534,False,11.600000000000001
108,서울,2022-03-11,11.2,5.1,641.0,18.4,1544,0.0,0.0,0.0,5.728571428571429,3,2022,봄,8.282580645161291,3.7498943428768534,False,13.299999999999999
108,서울,2022-03-12,12.8,6.3,632.0,19.5,1408,3.33,0.0,0.0,7.228571428571428,3,2022,봄,8.282580645161291,3.7498943428768534,False,13.2
108,서울,2022-03-13,11.7,10.7,111.0,12.6,1,12.42,0.0,0.0,8.7,3,2022,봄,8.282580645161291,3.7498943428768534,False,1.9000000000000004
108,서울,2022-03-14,8.2,4.9,2350.0,13.2,1205,5.58,0.0,0.0,9.471428571428572,3,2022,봄,8.282580645161291,3.7498943428768534,False,8.299999999999999
108,서울,2022-03-15,7.2,2.3,702.0,13.3,1538,0.0,0.0,0.0,9.642857142857142,3,2022,봄,8.282580645161291,3.7498943428768534,False,11.0
108,서울,2022-03-16,10.3,3.6,703.0,16.8,1513,0.0,0.0,0.0,10.1,3,2022,봄,8.282580645161291,3.7498943428768534,False,13.200000000000001
108,서울,2022-03-17,10.7,7.8,2333.0,15.1,1413,5.5,0.0,0.0,10.299999999999999,3,2022,봄,8.282580645161291,3.7498943428768534,False,7.3
108,서울,2022-03-18,7.5,5.5,2356.0,9.6,1246,4.17,0.0,0.0,9.771428571428572,3,2022,봄,8.282580645161291,3.7498943428768534,False,4.1
108,서울,2022-03-19,3.4,0.9,721.0,6.1,1557,11.58,0.0,0.0,8.428571428571429,3,2022,봄,8.282580645161291,3.7498943428768534,False,5.199999999999999
108,서울,2022-03-20,5.4,2.2,2400.0,9.3,1556,3.58,0.0,0.0,7.528571428571429,3,2022,봄,8.282580645161291,3.7498943428768534,False,7.1000000000000005
108,서울,2022-03-21,5.0,-0.3,640.0,10.9,1355,0.0,0.0,0.0,7.071428571428571,3,2022,봄,8.282580645161291,3.7498943428768534,False,11.200000000000001
108,서울,2022-03-22,7.1,1.1,637.0,13.6,1617,0.0,0.0,0.0,7.057142857142857,3,2022,봄,8.282580645161291,3.7498943428768534,False,12.5
108,서울,2022-03-23,6.2,4.9,616.0,8.2,1615,0.0,0.0,0.0,6.471428571428571,3,2022,봄,8.282580645161291,3.7498943428768534,False,3.299999999999999
108,서울,2022-03-24,8.2,3.9,453.0,12.4,1459,0.0,0.0,0.0,6.114285714285714,3,2022,봄,8.282580645161291,3.7498943428768534,False,8.5
108,서울,2022-03-25,12.0,6.3,559.0,17.2,1549,4.75,0.0,0.0,6.757142857142857,3,2022,봄,8.282580645161291,3.7498943428768534,False,10.899999999999999
108,서울,2022-03-26,11.8,9.5,959.0,14.7,1735,11.08,0.0,0.0,7.957142857142857,3,2022,봄,8.282580645161291,3.7498943428768534,False,5.199999999999999
108,서울,2022-03-27,8.1,5.0,2354.0,12.6,1432,0.0,0.0,0.0,8.342857142857143,3,2022,봄,8.282580645161291,3.7498943428768534,False,7.6
108,서울,2022-03-28,8.2,1.5,611.0,15.1,1600,0.0,0.0,0.0,8.8,3,2022,봄,8.282580645161291,3.7498943428768534,False,13.6
108,서울,2022-03-29,9.7,3.3,533.0,15.6,1545,0.0,0.0,0.0,9.171428571428573,3,2022,봄,8.282580645161291,3.7498943428768534,False,12.3
108,서울,2022-03-30,10.8,5.9,629.0,15.7,1209,3.25,0.0,0.0,9.828571428571427,3,2022,봄,8.282580645161291,3.7498943428768534,False,9.799999999999999
108,서울,2022-03-31,10.9,7.6,2352.0,14.7,1421,0.0,0.0,0.0,10.214285714285714,3,2022,봄,8.282580645161291,3.7498943428768534,False,7.1
108,서울,2022-04-01,9.2,4.5,620.0,14.9,1347,0.0,0.0,0.0,9.814285714285713,4,2022,봄,14.502,3.4178070994612195,False,10.4
108,서울,2022-04-02,8.2,3.7,618.0,14.2,1444,0.0,0.0,0.0,9.299999999999999,4,2022,봄,14.502,3.4178070994612195,False,10.5
108,서울,2022-04-03,9.6,3.5,629.0,17.0,1527,0.0,0.0,0.0,9.514285714285714,4,2022,봄,14.502,3.4178070994612195,False,13.5
108,서울,2022-04-04,10.3,5.1,638.0,16.4,1328,0.0,0.0,0.0,9.814285714285715,4,2022,봄,14.502,3.4178070994612195,False,11.299999999999999
108,서울,2022-04-05,10.3,4.9,615.0,15.8,1409,0.0,0.0,0.0,9.9,4,2022,봄,14.502,3.4178070994612195,False,10.9
108,서울,2022-04-06,11.7,8.0,600.0,17.0,1431,0.0,0.0,0.0,10.028571428571428,4,2022,봄,14.502,3.4178070994612195,False,9.0
108,서울,2022-04-07,10.9,7.4,2359.0,15.7,1310,0.0,0.0,0.0,10.028571428571427,4,2022,봄,14.502,3.4178070994612195,False,8.299999999999999
108,서울,2022-04-08,12.9,5.1,612.0,20.0,1521,0.0,0.0,0.0,10.557142857142859,4,2022,봄,14.502,3.4178070994612195,False,14.9
108,서울,2022-04-09,17.8,12.4,751.0,24.2,1418,1.08,0.4,0.5,11.928571428571429,4,2022,봄,14.502,3.4178070994612195,False,11.799999999999999
108,서울,2022-04-10,18.2,12.7,614.0,25.1,1501,0.0,0.0,0.0,13.157142857142858,4,2022,봄,14.502,3.4178070994612195,False,12.400000000000002
108,서울,2022-04-11,19.6,13.4,556.0,26.6,1529,0.0,0.0,0.0,14.485714285714286,4,2022,봄,14.502,3.4178070994612195,False,13.200000000000001
108,서울,2022-04-12,19.3,15.9,2358.0,26.4,1449,4.0,0.3,0.4,15.771428571428572,4,2022,봄,14.502,3.4178070994612195,False,10.499999999999998
108,서울,2022-04-13,13.1,12.0,2135.0,15.9,1,5.5,0.3,0.8,15.971428571428573,4,2022,봄,14.502,3.4178070994612195,False,3.9000000000000004
108,서울,2022-04-14,13.2,11.4,2335.0,15.3,1411,0.0,0.0,0.0,16.3,4,2022,봄,14.502,3.4178070994612195,False,3.9000000000000004
108,서울,2022-04-15,13.3,7.5,627.0,19.3,1602,0.0,0.0,0.0,16.357142857142858,4,2022,봄,14.502,3.4178070994612195,False,11.8
108,서울,2022-04-16,13.2,7.1,557.0,20.2,1513,0.0,0.0,0.0,15.700000000000001,4,2022,봄,14.502,3.4178070994612195,False,13.1
108,서울,2022-04-17,14.0,7.2,559.0,21.9,1418,0.0,0.0,0.0,15.1,4,2022,봄,14.502,3.4178070994612195,False,14.7
108,서울,2022-04-18,15.2,11.4,309.0,21.6,1427,0.0,0.0,0.0,14.471428571428572,4,2022,봄,14.502,3.4178070994612195,False,10.200000000000001
108,서울,2022-04-19,15.2,8.9,614.0,22.1,1357,0.0,0.0,0.0,13.885714285714286,4,2022,봄,14.502,3.4178070994612195,False,13.200000000000001
108,서울,2022-04-20,15.7,9.7,610.0,22.1,1357,0.0,0.0,0.0,14.257142857142856,4,2022,봄,14.502,3.4178070994612195,False,12.400000000000002
108,서울,2022-04-21,16.3,9.6,543.0,22.7,1343,0.0,0.0,0.0,14.7,4,2022,봄,14.502,3.4178070994612195,False,13.1
108,서울,2022-04-22,15.0,13.2,2349.0,16.8,929,0.0,0.0,0.0,14.942857142857141,4,2022,봄,14.502,3.4178070994612195,False,3.6000000000000014
108,서울,2022-04-23,17.7,10.4,539.0,25.3,1555,0.0,0.0,0.0,15.585714285714285,4,2022,봄,14.502,3.4178070994612195,False,14.9
108,서울,2022-04-24,18.5,15.0,608.0,24.5,1418,4.75,0.1,0.2,16.228571428571428,4,2022,봄,14.502,3.4178070994612195,False,9.5
108,서울,2022-04-25,20.0,17.0,1.0,23.6,1606,11.25,0.1,0.3,16.914285714285715,4,2022,봄,14.502,3.4178070994612195,False,6.600000000000001
108,서울,2022-04-26,21.9,17.0,437.0,28.7,1451,4.83,0.3,0.8,17.87142857142857,4,2022,봄,14.502,3.4178070994612195,True,11.7
108,서울,2022-04-27,17.7,12.6,528.0,23.9,1551,0.0,0.0,0.0,18.157142857142855,4,2022,봄,14.502,3.4178070994612195,False,11.299999999999999
108,서울,2022-04-28,18.2,11.6,603.0,25.9,1432,0.25,0.0,0.0,18.428571428571427,4,2022,봄,14.502,3.4178070994612195,False,14.299999999999999
108,서울,2022-04-29,13.4,10.7,619.0,16.5,1236,9.75,0.9,4.0,18.2,4,2022,봄,14.502,3.4178070994612195,False,5.800000000000001
108,서울,2022-04-30,13.0,10.5,143.0,17.8,1326,0.0,0.0,0.0,17.52857142857143,4,2022,봄,14.502,3.4178070994612195,False,7.300000000000001
108,서울,2022-05-01,13.4,7.9,514.0,19.2,1512,0.0,0.0,0.0,16.8,5,2022,봄,18.395483870967745,3.121403737154581,False,11.299999999999999
108,서울,2022-05-02,14.2,9.1,538.0,19.4,1508,0.0,0.0,0.0,15.971428571428572,5,2022,봄,18.395483870967745,3.121403737154581,False,10.299999999999999
108,서울,2022-05-03,14.8,9.1,606.0,20.8,1535,0.0,0.0,0.0,14.957142857142857,5,2022,봄,18.395483870967745,3.121403737154581,False,11.700000000000001
108,서울,2022-05-04,17.8,10.0,620.0,25.2,1348,0.0,0.0,0.0,14.971428571428572,5,2022,봄,18.395483870967745,3.121403737154581,False,15.2
108,서울,2022-05-05,18.9,12.5,557.0,25.8,1501,0.0,0.0,0.0,15.071428571428571,5,2022,봄,18.395483870967745,3.121403737154581,False,13.3
108,서울,2022-05-06,19.6,13.7,530.0,25.6,1345,0.0,0.0,0.0,15.957142857142857,5,2022,봄,18.395483870967745,3.121403737154581,False,11.900000000000002
108,서울,2022-05-07,18.4,15.3,754.0,23.1,1319,3.92,0.2,0.2,16.72857142857143,5,2022,봄,18.395483870967745,3.121403737154581,False,7.800000000000001
108,서울,2022-05-08,15.3,11.7,2344.0,18.2,1230,5.58,0.4,1.1,17.0,5,2022,봄,18.395483870967745,3.121403737154581,False,6.5
108,서울,2022-05-09,17.9,11.0,613.0,25.3,1620,0.0,0.0,0.0,17.52857142857143,5,2022,봄,18.395483870967745,3.121403737154581,False,14.3
108,서울,2022-05-10,19.9,13.6,547.0,26.3,1529,1.33,0.0,0.0,18.257142857142856,5,2022,봄,18.395483870967745,3.121403737154581,False,12.700000000000001
108,서울,2022-05-11,19.7,16.6,2353.0,25.2,1508,0.92,0.0,0.0,18.52857142857143,5,2022,봄,18.395483870967745,3.121403737154581,False,8.599999999999998
108,서울,2022-05-12,20.9,14.1,607.0,28.1,1540,0.0,0.0,0.0,18.814285714285713,5,2022,봄,18.395483870967745,3.121403737154581,False,14.000000000000002
108,서울,2022-05-13,19.4,15.0,2358.0,25.2,1355,0.0,0.0,0.0,18.785714285714285,5,2022,봄,18.395483870967745,3.121403737154581,False,10.2
108,서울,2022-05-14,15.7,11.9,545.0,20.0,1342,0.0,0.0,0.0,18.4,5,2022,봄,18.395483870967745,3.121403737154581,False,8.1
108,서울,2022-05-15,16.2,10.5,516.0,22.4,1509,0.0,0.0,0.0,18.52857142857143,5,2022,봄,18.395483870967745,3.121403737154581,False,11.899999999999999
108,서울,2022-05-16,17.3,10.9,537.0,23.7,1352,0.0,0.0,0.0,18.442857142857143,5,2022,봄,18.395483870967745,3.121403737154581,False,12.799999999999999
108,서울,2022-05-17,20.0,13.0,551.0,27.4,1527,0.0,0.0,0.0,18.457142857142856,5,2022,봄,18.395483870967745,3.121403737154581,False,14.399999999999999
108,서울,2022-05-18,20.0,15.7,442.0,25.4,1404,2.33,0.6,1.5,18.5,5,2022,봄,18.395483870967745,3.121403737154581,False,9.7
108,서울,2022-05-19,19.9,16.1,614.0,24.2,1406,0.0,0.0,0.0,18.357142857142858,5,2022,봄,18.395483870967745,3.121403737154581,False,8.099999999999998
108,서울,2022-05-20,20.6,15.6,543.0,25.8,1322,0.0,0.0,0.0,18.52857142857143,5,2022,봄,18.395483870967745,3.121403737154581,False,10.200000000000001
108,서울,2022-05-21,20.1,16.1,2349.0,26.0,1420,0.0,0.0,0.0,19.157142857142862,5,2022,봄,18.395483870967745,3.121403737154581,False,9.899999999999999
108,서울,2022-05-22,20.3,15.7,315.0,25.8,1450,0.0,0.0,0.0,19.742857142857144,5,2022,봄,18.395483870967745,3.121403737154581,False,10.100000000000001
108,서울,2022-05-23,23.0,17.8,108.0,30.7,1513,0.0,0.0,0.0,20.557142857142857,5,2022,봄,18.395483870967745,3.121403737154581,False,12.899999999999999
108,서울,2022-05-24,22.9,16.7,528.0,30.2,1450,0.0,0.0,0.0,20.971428571428568,5,2022,봄,18.395483870967745,3.121403737154581,False,13.5
108,서울,2022-05-25,21.0,16.7,2400.0,26.7,1211,4.92,1.4,2.9,21.11428571428571,5,2022,봄,18.395483870967745,3.121403737154581,False,10.0
108,서울,2022-05-26,18.7,14.1,540.0,23.5,1513,0.75,0.0,0.0,20.942857142857143,5,2022,봄,18.395483870967745,3.121403737154581,False,9.4
108,서울,2022-05-27,20.0,16.0,601.0,25.6,1552,0.17,0.0,0.0,20.857142857142858,5,2022,봄,18.395483870967745,3.121403737154581,False,9.600000000000001
108,서울,2022-05-28,22.3,15.0,439.0,29.3,1426,0.0,0.0,0.0,21.17142857142857,5,2022,봄,18.395483870967745,3.121403737154581,False,14.3
108,서울,2022-05-29,23.1,19.3,446.0,29.7,1648,0.0,0.0,0.0,21.571428571428573,5,2022,봄,18.395483870967745,3.121403737154581,False,10.399999999999999
108,서울,2022-05-30,20.8,17.2,2335.0,24.7,1237,1.08,0.0,0.0,21.25714285714286,5,2022,봄,18.395483870967745,3.121403737154581,False,7.5
108,서울,2022-05-31,20.7,14.2,525.0,27.2,1428,0.0,0.0,0.0,20.942857142857143,5,2022,봄,18.395483870967745,3.121403737154581,False,13.0
108,서울,2022-06-01,22.1,16.2,547.0,28.6,1415,0.0,0.0,0.0,21.099999999999998,6,2022,여름,23.626666666666665,2.2328741723060053,False,12.400000000000002
108,서울,2022-06-02,21.5,17.1,150.0,26.9,1324,0.0,0.0,0.0,21.5,6,2022,여름,23.626666666666665,2.2328741723060053,False,9.799999999999997
108,서울,2022-06-03,24.5,18.7,23.0,32.6,1506,0.0,0.0,0.0,22.142857142857142,6,2022,여름,23.626666666666665,2.2328741723060053,False,13.900000000000002
108,서울,2022-06-04,25.6,20.3,546.0,29.7,1724,0.0,0.0,0.0,22.614285714285717,6,2022,여름,23.626666666666665,2.2328741723060053,False,9.399999999999999
108,서울,2022-06-05,22.7,20.2,2132.0,27.0,1142,1.58,0.0,0.0,22.557142857142857,6,2022,여름,23.626666666666665,2.2328741723060053,False,6.800000000000001
108,서울,2022-06-06,19.7,16.7,2323.0,24.5,1517,8.0,1.2,1.7,22.4,6,2022,여름,23.626666666666665,2.2328741723060053,False,7.800000000000001
108,서울,2022-06-07,20.6,15.1,550.0,25.1,1236,0.67,0.0,0.0,22.38571428571429,6,2022,여름,23.626666666666665,2.2328741723060053,False,10.000000000000002
108,서울,2022-06-08,21.2,16.2,541.0,25.8,1449,0.0,0.0,0.0,22.25714285714286,6,2022,여름,23.626666666666665,2.2328741723060053,False,9.600000000000001
108,서울,2022-06-09,20.9,18.5,517.0,24.5,1620,4.33,1.3,2.5,22.171428571428574,6,2022,여름,23.626666666666665,2.2328741723060053,False,6.0
108,서울,2022-06-10,20.9,17.2,534.0,26.6,1128,2.67,0.7,1.2,21.657142857142862,6,2022,여름,23.626666666666665,2.2328741723060053,False,9.400000000000002
108,서울,2022-06-11,24.6,17.7,527.0,32.7,1629,0.0,0.0,0.0,21.514285714285712,6,2022,여름,23.626666666666665,2.2328741723060053,False,15.000000000000004
108,서울,2022-06-12,24.6,18.9,525.0,31.5,1520,0.0,0.0,0.0,21.785714285714285,6,2022,여름,23.626666666666665,2.2328741723060053,False,12.600000000000001
108,서울,2022-06-13,23.6,19.6,513.0,29.2,1234,3.83,6.7,15.9,22.342857142857145,6,2022,여름,23.626666666666665,2.2328741723060053,False,9.599999999999998
108,서울,2022-06-14,21.5,17.7,2357.0,27.1,1245,1.67,0.0,0.0,22.471428571428568,6,2022,여름,23.626666666666665,2.2328741723060053,False,9.400000000000002
108,서울,2022-06-15,17.5,14.9,603.0,20.1,1921,17.58,1.6,5.8,21.942857142857143,6,2022,여름,23.626666666666665,2.2328741723060053,True,5.200000000000001
108,서울,2022-06-16,20.3,17.6,619.0,24.8,1737,4.33,0.3,0.3,21.857142857142858,6,2022,여름,23.626666666666665,2.2328741723060053,False,7.199999999999999
108,서울,2022-06-17,22.5,16.5,533.0,28.1,1413,0.0,0.0,0.0,22.08571428571429,6,2022,여름,23.626666666666665,2.2328741723060053,False,11.600000000000001
108,서울,2022-06-18,23.3,22.0,538.0,25.1,1722,0.25,0.0,0.0,21.900000000000002,6,2022,여름,23.626666666666665,2.2328741723060053,False,3.1000000000000014
108,서울,2022-06-19,23.4,22.3,303.0,25.1,1719,0.0,0.0,0.0,21.728571428571428,6,2022,여름,23.626666666666665,2.2328741723060053,False,2.8000000000000007
108,서울,2022-06-20,25.2,22.0,543.0,29.0,1611,0.0,0.0,0.0,21.95714285714286,6,2022,여름,23.626666666666665,2.2328741723060053,False,7.0
108,서울,2022-06-21,26.5,21.2,553.0,32.6,1539,0.0,0.0,0.0,22.671428571428574,6,2022,여름,23.626666666666665,2.2328741723060053,False,11.400000000000002
108,서울,2022-06-22,25.9,21.9,344.0,31.0,1542,0.0,0.0,0.0,23.87142857142857,6,2022,여름,23.626666666666665,2.2328741723060053,False,9.100000000000001
108,서울,2022-06-23,24.3,23.3,2216.0,26.4,1130,13.5,8.9,34.4,24.442857142857143,6,2022,여름,23.626666666666665,2.2328741723060053,False,3.099999999999998
108,서울,2022-06-24,22.6,20.6,617.0,24.9,1805,6.83,5.5,14.4,24.457142857142856,6,2022,여름,23.626666666666665,2.2328741723060053,False,4.299999999999997
108,서울,2022-06-25,26.0,21.5,221.0,30.5,1512,0.0,0.0,0.0,24.842857142857138,6,2022,여름,23.626666666666665,2.2328741723060053,False,9.0
108,서울,2022-06-26,26.5,24.8,234.0,28.1,1500,0.0,0.0,0.0,25.285714285714285,6,2022,여름,23.626666666666665,2.2328741723060053,False,3.3000000000000007
108,서울,2022-06-27,26.8,25.4,454.0,28.1,1107,14.25,1.2,1.6,25.514285714285712,6,2022,여름,23.626666666666665,2.2328741723060053,False,2.700000000000003
108,서울,2022-06-28,26.9,25.7,2337.0,27.9,1001,14.08,3.1,3.2,25.571428571428573,6,2022,여름,23.626666666666665,2.2328741723060053,False,2.1999999999999993
108,서울,2022-06-29,25.1,24.4,2134.0,26.1,1733,20.75,6.9,10.6,25.45714285714286,6,2022,여름,23.626666666666665,2.2328741723060053,False,1.7000000000000028
108,서울,2022-06-30,22.3,21.2,1739.0,24.5,1,22.83,10.9,24.0,25.17142857142857,6,2022,여름,23.626666666666665,2.2328741723060053,False,3.3000000000000007
108,서울,2022-07-01,26.6,21.9,1.0,30.9,1536,0.0,0.0,0.0,25.742857142857144,7,2022,여름,27.506451612903227,2.410520163172063,False,9.0
108,서울,2022-07-02,28.8,24.0,521.0,33.8,1601,0.0,0.0,0.0,26.142857142857142,7,2022,여름,27.506451612903227,2.410520163172063,False,9.799999999999997
108,서울,2022-07-03,29.3,24.4,612.0,34.2,1522,0.0,0.0,0.0,26.542857142857144,7,2022,여름,27.506451612903227,2.410520163172063,False,9.800000000000004
108,서울,2022-07-04,29.3,26.4,524.0,32.6,1621,0.83,0.0,0.0,26.900000000000002,7,2022,여름,27.506451612903227,2.410520163172063,False,6.200000000000003
108,서울,2022-07-05,29.2,26.7,459.0,33.1,1545,1.42,0.0,0.0,27.228571428571428,7,2022,여름,27.506451612903227,2.410520163172063,False,6.400000000000002
108,서울,2022-07-06,29.5,26.2,502.0,33.3,1645,2.5,9.6,15.6,27.857142857142858,7,2022,여름,27.506451612903227,2.410520163172063,False,7.099999999999998
108,서울,2022-07-07,28.2,26.4,439.0,31.0,1608,3.67,0.0,0.0,28.699999999999996,7,2022,여름,27.506451612903227,2.410520163172063,False,4.600000000000001
108,서울,2022-07-08,25.8,24.0,2357.0,27.9,1647,6.25,1.7,1.7,28.585714285714285,7,2022,여름,27.506451612903227,2.410520163172063,False,3.8999999999999986
108,서울,2022-07-09,26.9,24.0,1.0,30.9,1416,6.0,0.1,0.1,28.314285714285717,7,2022,여름,27.506451612903227,2.410520163172063,False,6.899999999999999
108,서울,2022-07-10,29.2,24.6,529.0,35.1,1547,0.42,0.0,0.0,28.3,7,2022,여름,27.506451612903227,2.410520163172063,False,10.5
108,서울,2022-07-11,27.0,24.7,316.0,30.6,1226,2.5,4.9,7.7,27.971428571428568,7,2022,여름,27.506451612903227,2.410520163172063,False,5.900000000000002
108,서울,2022-07-12,26.8,23.2,508.0,29.4,1402,0.0,0.0,0.0,27.62857142857143,7,2022,여름,27.506451612903227,2.410520163172063,False,6.199999999999999
108,서울,2022-07-13,25.0,24.0,1253.0,27.1,1,19.98,8.1,30.3,26.985714285714288,7,2022,여름,27.506451612903227,2.410520163172063,False,3.1000000000000014
108,서울,2022-07-14,25.7,23.3,405.0,29.9,1533,5.92,0.2,0.5,26.62857142857143,7,2022,여름,27.506451612903227,2.410520163172063,False,6.599999999999998
108,서울,2022-07-15,26.0,23.0,440.0,30.3,1544,0.0,0.0,0.0,26.657142857142855,7,2022,여름,27.506451612903227,2.410520163172063,False,7.300000000000001
108,서울,2022-07-16,24.8,23.2,2354.0,28.2,1323,4.08,14.1,33.8,26.357142857142858,7,2022,여름,27.506451612903227,2.410520163172063,False,5.0
108,서울,2022-07-17,25.5,22.5,406.0,29.7,1518,1.5,0.0,0.0,25.82857142857143,7,2022,여름,27.506451612903227,2.410520163172063,False,7.199999999999999
108,서울,2022-07-18,26.8,23.1,530.0,30.1,1258,0.0,0.0,0.0,25.8,7,2022,여름,27.506451612903227,2.410520163172063,False,7.0
108,서울,2022-07-19,27.4,24.3,532.0,31.1,1549,0.0,0.0,0.0,25.885714285714283,7,2022,여름,27.506451612903227,2.410520163172063,False,6.800000000000001
108,서울,2022-07-20,27.1,24.3,2400.0,30.4,1435,3.83,0.6,0.8,26.185714285714283,7,2022,여름,27.506451612903227,2.410520163172063,False,6.099999999999998
108,서울,2022-07-21,23.2,20.8,622.0,25.2,1840,10.83,1.7,3.4,25.82857142857143,7,2022,여름,27.506451612903227,2.410520163172063,False,4.399999999999999
108,서울,2022-07-22,25.1,22.9,507.0,27.5,1718,1.75,4.0,5.2,25.7,7,2022,여름,27.506451612903227,2.410520163172063,False,4.600000000000001
108,서울,2022-07-23,24.8,22.3,2320.0,28.0,1344,8.58,1.8,4.2,25.7,7,2022,여름,27.506451612903227,2.410520163172063,False,5.699999999999999
108,서울,2022-07-24,25.0,22.0,118.0,28.4,1627,3.67,0.6,1.6,25.62857142857143,7,2022,여름,27.506451612903227,2.410520163172063,False,6.399999999999999
108,서울,2022-07-25,27.5,23.6,546.0,32.0,1616,0.0,0.0,0.0,25.72857142857143,7,2022,여름,27.506451612903227,2.410520163172063,False,8.399999999999999
108,서울,2022-07-26,28.9,24.4,530.0,33.1,1428,0.0,0.0,0.0,25.942857142857143,7,2022,여름,27.506451612903227,2.410520163172063,False,8.700000000000003
108,서울,2022-07-27,29.3,26.4,547.0,33.4,1509,0.0,0.0,0.0,26.25714285714286,7,2022,여름,27.506451612903227,2.410520163172063,False,7.0
108,서울,2022-07-28,29.7,25.1,545.0,34.4,1509,0.0,0.0,0.0,27.185714285714283,7,2022,여름,27.506451612903227,2.410520163172063,False,9.299999999999997
108,서울,2022-07-29,30.7,27.3,511.0,34.3,1419,0.0,0.0,0.0,27.985714285714288,7,2022,여름,27.506451612903227,2.410520163172063,False,6.9999999999999964
108,서울,2022-07-30,30.9,27.3,532.0,36.1,1440,2.33,1.0,1.0,28.857142857142858,7,2022,여름,27.506451612903227,2.410520163172063,False,8.8
108,서울,2022-07-31,27.2,25.4,2327.0,29.0,1,15.75,8.1,18.0,29.17142857142857,7,2022,여름,27.506451612903227,2.410520163172063,False,3.6000000000000014
108,서울,2022-08-01,28.6,25.4,4.0,32.4,1420,14.83,5.1,13.3,29.328571428571426,8,2022,여름,27.272258064516127,2.5088812502339457,False,7.0
108,서울,2022-08-02,26.8,25.5,2257.0,28.5,1,18.58,3.3,7.6,29.028571428571432,8,2022,여름,27.272258064516127,2.5088812502339457,False,3.0
108,서울,2022-08-03,27.1,25.2,457.0,30.0,1600,13.25,6.6,17.9,28.714285714285715,8,2022,여름,27.272258064516127,2.5088812502339457,False,4.800000000000001
108,서울,2022-08-04,28.9,26.0,549.0,32.9,1532,0.42,0.0,0.0,28.6,8,2022,여름,27.272258064516127,2.5088812502339457,False,6.899999999999999
108,서울,2022-08-05,29.4,27.0,111.0,32.7,1430,0.5,0.0,0.0,28.41428571428571,8,2022,여름,27.272258064516127,2.5088812502339457,False,5.700000000000003
108,서울,2022-08-06,28.7,27.4,454.0,30.3,1718,1.67,9.5,11.4,28.1,8,2022,여름,27.272258064516127,2.5088812502339457,False,2.900000000000002
108,서울,2022-08-07,28.9,27.2,354.0,31.7,1421,3.33,0.9,0.9,28.342857142857145,8,2022,여름,27.272258064516127,2.5088812502339457,False,4.5
108,서울,2022-08-08,26.8,,,28.4,1,20.92,14.9,38.1,28.085714285714285,8,2022,여름,27.272258064516127,2.5088812502339457,False,
108,서울,2022-08-09,25.1,22.0,2354.0,26.5,1538,21.5,17.7,27.1,27.842857142857138,8,2022,여름,27.272258064516127,2.5088812502339457,False,4.5
108,서울,2022-08-10,24.7,21.4,455.0,28.8,1503,6.5,2.2,10.0,27.5,8,2022,여름,27.272258064516127,2.5088812502339457,False,7.400000000000002
108,서울,2022-08-11,25.0,23.4,528.0,27.5,1502,10.67,6.9,25.6,26.942857142857143,8,2022,여름,27.272258064516127,2.5088812502339457,False,4.100000000000001
108,서울,2022-08-12,27.0,23.0,614.0,32.4,1557,0.0,0.0,0.0,26.599999999999998,8,2022,여름,27.272258064516127,2.5088812502339457,False,9.399999999999999
108,서울,2022-08-13,25.8,24.7,1305.0,27.5,1743,4.67,0.7,2.0,26.185714285714287,8,2022,여름,27.272258064516127,2.5088812502339457,False,2.8000000000000007
108,서울,2022-08-14,27.6,24.5,553.0,31.5,1414,1.5,2.9,3.0,26.0,8,2022,여름,27.272258064516127,2.5088812502339457,False,7.0
108,서울,2022-08-15,28.1,26.6,2357.0,29.8,1233,4.42,0.6,0.7,26.185714285714287,8,2022,여름,27.272258064516127,2.5088812502339457,False,3.1999999999999993
108,서울,2022-08-16,26.7,24.1,652.0,30.0,1531,0.75,0.0,0.0,26.41428571428571,8,2022,여름,27.272258064516127,2.5088812502339457,False,5.899999999999999
108,서울,2022-08-17,26.0,22.8,618.0,30.5,1338,0.75,0.0,0.0,26.599999999999998,8,2022,여름,27.272258064516127,2.5088812502339457,False,7.699999999999999
108,서울,2022-08-18,25.6,22.4,556.0,29.8,1408,0.0,0.0,0.0,26.685714285714287,8,2022,여름,27.272258064516127,2.5088812502339457,False,7.400000000000002
108,서울,2022-08-19,26.0,23.3,355.0,27.5,1527,10.33,14.2,47.1,26.542857142857144,8,2022,여름,27.272258064516127,2.5088812502339457,False,4.199999999999999
108,서울,2022-08-20,28.2,25.7,628.0,32.0,1437,1.83,0.0,0.2,26.885714285714283,8,2022,여름,27.272258064516127,2.5088812502339457,False,6.300000000000001
108,서울,2022-08-21,28.1,24.7,634.0,32.0,1549,0.0,0.0,0.0,26.957142857142856,8,2022,여름,27.272258064516127,2.5088812502339457,False,7.300000000000001
108,서울,2022-08-22,26.8,22.9,2302.0,30.2,1356,2.0,1.0,2.7,26.771428571428572,8,2022,여름,27.272258064516127,2.5088812502339457,False,7.300000000000001
108,서울,2022-08-23,25.4,22.4,513.0,30.2,1533,6.17,0.3,1.0,26.58571428571429,8,2022,여름,27.272258064516127,2.5088812502339457,False,7.800000000000001
108,서울,2022-08-24,24.8,22.4,500.0,27.9,1145,0.0,0.0,0.0,26.414285714285715,8,2022,여름,27.272258064516127,2.5088812502339457,False,5.5
108,서울,2022-08-25,22.2,21.1,2322.0,24.0,1054,7.08,0.3,0.8,25.928571428571427,8,2022,여름,27.272258064516127,2.5088812502339457,True,2.8999999999999986
108,서울,2022-08-26,23.8,19.9,626.0,28.4,1512,0.0,0.0,0.0,25.61428571428571,8,2022,여름,27.272258064516127,2.5088812502339457,False,8.5
108,서울,2022-08-27,21.5,17.6,638.0,25.5,1541,0.58,14.8,17.6,24.657142857142855,8,2022,여름,27.272258064516127,2.5088812502339457,True,7.899999999999999
108,서울,2022-08-28,22.6,16.1,538.0,28.4,1644,0.0,0.0,0.0,23.871428571428574,8,2022,여름,27.272258064516127,2.5088812502339457,False,12.299999999999997
108,서울,2022-08-29,21.0,19.5,940.0,22.5,1,11.58,0.4,0.6,23.042857142857144,8,2022,여름,27.272258064516127,2.5088812502339457,True,3.0
108,서울,2022-08-30,19.1,17.9,527.0,20.3,1,21.42,0.9,4.2,22.142857142857142,8,2022,여름,27.272258064516127,2.5088812502339457,True,2.400000000000002
108,서울,2022-08-31,21.7,19.6,32.0,24.9,1703,4.17,0.0,0.0,21.7,8,2022,여름,27.272258064516127,2.5088812502339457,True,5.299999999999997
108,서울,2022-09-01,24.0,18.3,614.0,30.4,1553,0.0,0.0,0.0,21.957142857142856,9,2022,가을,23.509333333333334,2.6126524018144712,False,12.099999999999998
108,서울,2022-09-02,24.7,20.3,648.0,29.8,1540,0.0,0.0,0.0,22.08571428571429,9,2022,가을,23.509333333333334,2.6126524018144712,False,9.5
108,서울,2022-09-03,24.2,20.5,630.0,29.2,1456,0.0,0.0,0.0,22.47142857142857,9,2022,가을,23.509333333333334,2.6126524018144712,False,8.7
108,서울,2022-09-04,22.3,19.8,632.0,24.0,1905,13.67,3.8,9.7,22.428571428571427,9,2022,가을,23.509333333333334,2.6126524018144712,False,4.199999999999999
108,서울,2022-09-05,19.2,17.7,2103.0,22.7,1,24.0,2.9,12.8,22.17142857142857,9,2022,가을,23.509333333333334,2.6126524018144712,False,5.0
108,서울,2022-09-06,21.0,17.0,254.0,26.3,1601,8.92,1.8,8.9,22.442857142857143,9,2022,가을,23.509333333333334,2.6126524018144712,False,9.3
108,서울,2022-09-07,22.8,17.9,701.0,28.1,1511,0.0,0.0,0.0,22.599999999999998,9,2022,가을,23.509333333333334,2.6126524018144712,False,10.200000000000003
108,서울,2022-09-08,23.2,16.7,635.0,29.5,1555,0.0,0.0,0.0,22.485714285714288,9,2022,가을,23.509333333333334,2.6126524018144712,False,12.8
108,서울,2022-09-09,24.3,18.9,620.0,30.8,1526,0.0,0.0,0.0,22.428571428571427,9,2022,가을,23.509333333333334,2.6126524018144712,False,11.900000000000002
108,서울,2022-09-10,23.6,19.0,646.0,28.4,1636,0.0,0.0,0.0,22.342857142857145,9,2022,가을,23.509333333333334,2.6126524018144712,False,9.399999999999999
108,서울,2022-09-11,23.3,20.6,638.0,26.4,1331,1.83,0.1,0.1,22.485714285714288,9,2022,가을,23.509333333333334,2.6126524018144712,False,5.799999999999997
108,서울,2022-09-12,23.8,20.3,558.0,27.5,1541,0.0,0.0,0.0,23.142857142857142,9,2022,가을,23.509333333333334,2.6126524018144712,False,7.199999999999999
108,서울,2022-09-13,24.3,21.8,626.0,26.4,1341,4.83,0.0,0.0,23.614285714285717,9,2022,가을,23.509333333333334,2.6126524018144712,False,4.599999999999998
108,서울,2022-09-14,24.6,22.7,2334.0,27.9,1410,1.17,0.0,0.0,23.87142857142857,9,2022,가을,23.509333333333334,2.6126524018144712,False,5.199999999999999
108,서울,2022-09-15,25.2,22.0,504.0,28.3,1539,0.42,0.1,0.1,24.157142857142855,9,2022,가을,23.509333333333334,2.6126524018144712,False,6.300000000000001
108,서울,2022-09-16,25.7,23.4,605.0,29.9,1326,5.5,7.2,8.6,24.35714285714286,9,2022,가을,23.509333333333334,2.6126524018144712,False,6.5
108,서울,2022-09-17,25.6,23.3,537.0,29.4,1619,1.92,2.0,4.3,24.642857142857142,9,2022,가을,23.509333333333334,2.6126524018144712,False,6.099999999999998
108,서울,2022-09-18,27.1,23.0,616.0,32.5,1551,0.0,0.0,0.0,25.185714285714287,9,2022,가을,23.509333333333334,2.6126524018144712,False,9.5
108,서울,2022-09-19,24.6,19.5,2359.0,29.6,1306,0.0,0.0,0.0,25.3,9,2022,가을,23.509333333333334,2.6126524018144712,False,10.100000000000001
108,서울,2022-09-20,19.9,16.1,631.0,24.6,1506,0.0,0.0,0.0,24.67142857142857,9,2022,가을,23.509333333333334,2.6126524018144712,False,8.5
108,서울,2022-09-21,19.4,13.0,626.0,25.6,1449,0.0,0.0,0.0,23.928571428571427,9,2022,가을,23.509333333333334,2.6126524018144712,False,12.600000000000001
108,서울,2022-09-22,19.8,14.2,635.0,24.7,1454,0.0,0.0,0.0,23.157142857142862,9,2022,가을,23.509333333333334,2.6126524018144712,False,10.5
108,서울,2022-09-23,17.5,14.7,2354.0,22.2,1026,0.67,3.3,3.3,21.985714285714284,9,2022,가을,23.509333333333334,2.6126524018144712,True,7.5
108,서울,2022-09-24,18.5,12.3,645.0,24.2,1503,0.0,0.0,0.0,20.97142857142857,9,2022,가을,23.509333333333334,2.6126524018144712,False,11.899999999999999
108,서울,2022-09-25,19.6,15.4,553.0,25.2,1450,0.0,0.0,0.0,19.900000000000002,9,2022,가을,23.509333333333334,2.6126524018144712,False,9.799999999999999
108,서울,2022-09-26,20.0,14.8,642.0,25.4,1456,0.0,0.0,0.0,19.24285714285714,9,2022,가을,23.509333333333334,2.6126524018144712,False,10.599999999999998
108,서울,2022-09-27,20.9,14.0,642.0,28.0,1535,0.0,0.0,0.0,19.385714285714283,9,2022,가을,23.509333333333334,2.6126524018144712,False,14.0
108,서울,2022-09-28,20.4,16.1,630.0,26.1,1617,0.0,0.0,0.0,19.52857142857143,9,2022,가을,23.509333333333334,2.6126524018144712,False,10.0
108,서울,2022-09-29,20.4,16.4,612.0,26.5,1612,0.0,0.0,0.0,19.614285714285717,9,2022,가을,23.509333333333334,2.6126524018144712,False,10.100000000000001
108,서울,2022-09-30,20.7,14.8,705.0,27.7,1522,0.0,0.0,0.0,20.071428571428573,9,2022,가을,23.509333333333334,2.6126524018144712,False,12.899999999999999
108,서울,2022-10-01,20.9,14.4,641.0,27.6,1357,0.0,0.0,0.0,20.414285714285715,10,2022,가을,15.81225806451613,3.450208641985292,False,13.200000000000001
108,서울,2022-10-02,19.4,17.2,2232.0,21.6,1321,15.08,1.7,6.1,20.385714285714283,10,2022,가을,15.81225806451613,3.450208641985292,False,4.400000000000002
108,서울,2022-10-03,21.4,17.5,1.0,23.4,2004,22.58,7.4,14.7,20.585714285714285,10,2022,가을,15.81225806451613,3.450208641985292,False,5.899999999999999
108,서울,2022-10-04,17.9,14.2,2329.0,23.0,1,7.08,2.1,7.0,20.157142857142855,10,2022,가을,15.81225806451613,3.450208641985292,False,8.8
108,서울,2022-10-05,16.6,14.1,34.0,21.6,1519,3.58,0.1,0.1,19.61428571428571,10,2022,가을,15.81225806451613,3.450208641985292,False,7.500000000000002
108,서울,2022-10-06,15.8,12.7,640.0,19.1,1419,2.25,0.0,0.0,18.957142857142856,10,2022,가을,15.81225806451613,3.450208641985292,False,6.400000000000002
108,서울,2022-10-07,14.3,11.0,651.0,18.6,1522,0.0,0.0,0.0,18.04285714285714,10,2022,가을,15.81225806451613,3.450208641985292,False,7.600000000000001
108,서울,2022-10-08,15.8,11.1,654.0,21.6,1508,0.0,0.0,0.0,17.314285714285713,10,2022,가을,15.81225806451613,3.450208641985292,False,10.500000000000002
108,서울,2022-10-09,13.1,10.7,2221.0,14.5,117,13.67,3.0,4.2,16.414285714285715,10,2022,가을,15.81225806451613,3.450208641985292,False,3.8000000000000007
108,서울,2022-10-10,9.9,8.2,2034.0,11.9,1408,4.58,0.0,0.0,14.771428571428572,10,2022,가을,15.81225806451613,3.450208641985292,False,3.700000000000001
108,서울,2022-10-11,11.1,7.4,250.0,16.4,1531,0.0,0.0,0.0,13.799999999999999,10,2022,가을,15.81225806451613,3.450208641985292,False,8.999999999999998
108,서울,2022-10-12,13.5,6.5,645.0,20.6,1513,0.0,0.0,0.0,13.357142857142858,10,2022,가을,15.81225806451613,3.450208641985292,False,14.100000000000001
108,서울,2022-10-13,16.3,10.7,639.0,22.7,1435,0.0,0.0,0.0,13.428571428571429,10,2022,가을,15.81225806451613,3.450208641985292,False,12.0
108,서울,2022-10-14,17.1,12.4,529.0,23.0,1454,0.0,0.0,0.0,13.828571428571427,10,2022,가을,15.81225806451613,3.450208641985292,False,10.6
108,서울,2022-10-15,18.2,12.6,653.0,24.4,1505,0.0,0.0,0.0,14.171428571428573,10,2022,가을,15.81225806451613,3.450208641985292,False,11.799999999999999
108,서울,2022-10-16,16.9,15.1,2400.0,20.5,1202,0.0,0.0,0.0,14.714285714285714,10,2022,가을,15.81225806451613,3.450208641985292,False,5.4
108,서울,2022-10-17,11.2,7.4,2344.0,15.1,1,0.0,0.0,0.0,14.9,10,2022,가을,15.81225806451613,3.450208641985292,False,7.699999999999999
108,서울,2022-10-18,9.4,5.0,657.0,14.2,1451,0.0,0.0,0.0,14.657142857142858,10,2022,가을,15.81225806451613,3.450208641985292,False,9.2
108,서울,2022-10-19,10.5,4.4,654.0,16.8,1510,0.0,0.0,0.0,14.22857142857143,10,2022,가을,15.81225806451613,3.450208641985292,False,12.4
108,서울,2022-10-20,12.9,6.0,711.0,19.7,1500,0.0,0.0,0.0,13.742857142857144,10,2022,가을,15.81225806451613,3.450208641985292,False,13.7
108,서울,2022-10-21,14.0,8.8,707.0,20.9,1431,0.0,0.0,0.0,13.299999999999999,10,2022,가을,15.81225806451613,3.450208641985292,False,12.099999999999998
108,서울,2022-10-22,15.1,10.5,724.0,20.8,1412,0.0,0.0,0.0,12.857142857142858,10,2022,가을,15.81225806451613,3.450208641985292,False,10.3
108,서울,2022-10-23,14.0,10.4,2356.0,18.6,1459,0.0,0.0,0.0,12.442857142857145,10,2022,가을,15.81225806451613,3.450208641985292,False,8.200000000000001
108,서울,2022-10-24,10.6,7.5,2356.0,14.8,1521,0.0,0.0,0.0,12.357142857142858,10,2022,가을,15.81225806451613,3.450208641985292,False,7.300000000000001
108,서울,2022-10-25,11.3,5.9,531.0,17.6,1535,0.0,0.0,0.0,12.628571428571428,10,2022,가을,15.81225806451613,3.450208641985292,False,11.700000000000001
108,서울,2022-10-26,12.9,8.0,653.0,17.8,1350,0.0,0.0,0.0,12.971428571428572,10,2022,가을,15.81225806451613,3.450208641985292,False,9.8
108,서울,2022-10-27,13.2,8.6,701.0,18.9,1414,0.0,0.0,0.0,13.014285714285716,10,2022,가을,15.81225806451613,3.450208641985292,False,10.299999999999999
108,서울,2022-10-28,13.6,8.2,636.0,20.6,1525,0.0,0.0,0.0,12.957142857142857,10,2022,가을,15.81225806451613,3.450208641985292,False,12.400000000000002
108,서울,2022-10-29,14.8,10.2,709.0,21.3,1507,0.0,0.0,0.0,12.914285714285713,10,2022,가을,15.81225806451613,3.450208641985292,False,11.100000000000001
108,서울,2022-10-30,14.9,10.4,702.0,21.3,1503,0.0,0.0,0.0,13.042857142857143,10,2022,가을,15.81225806451613,3.450208641985292,False,10.9
108,서울,2022-10-31,14.9,11.2,710.0,21.1,1406,0.0,0.0,0.0,13.657142857142857,10,2022,가을,15.81225806451613,3.450208641985292,False,9.900000000000002
108,서울,2022-11-01,13.1,9.4,2355.0,17.8,1511,0.0,0.0,0.0,13.914285714285715,11,2022,가을,8.728,5.004067070725786,False,8.4
108,서울,2022-11-02,11.1,5.5,715.0,17.9,1431,0.0,0.0,0.0,13.657142857142857,11,2022,가을,8.728,5.004067070725786,False,12.399999999999999
108,서울,2022-11-03,9.3,5.6,2356.0,13.4,1242,1.75,0.0,0.0,13.099999999999998,11,2022,가을,8.728,5.004067070725786,False,7.800000000000001
108,서울,2022-11-04,4.9,1.6,709.0,9.8,1440,0.0,0.0,0.0,11.857142857142858,11,2022,가을,8.728,5.004067070725786,False,8.200000000000001
108,서울,2022-11-05,6.5,0.8,721.0,13.6,1522,0.0,0.0,0.0,10.671428571428573,11,2022,가을,8.728,5.004067070725786,False,12.799999999999999
108,서울,2022-11-06,9.6,3.7,730.0,16.4,1359,0.0,0.0,0.0,9.914285714285715,11,2022,가을,8.728,5.004067070725786,False,12.7
108,서울,2022-11-07,11.4,6.1,546.0,16.6,1432,0.17,0.0,0.0,9.414285714285715,11,2022,가을,8.728,5.004067070725786,False,10.500000000000002
108,서울,2022-11-08,12.9,9.7,739.0,17.9,1414,0.0,0.0,0.0,9.385714285714286,11,2022,가을,8.728,5.004067070725786,False,8.2
108,서울,2022-11-09,11.4,6.7,718.0,16.0,1404,0.0,0.0,0.0,9.428571428571429,11,2022,가을,8.728,5.004067070725786,False,9.3
108,서울,2022-11-10,13.5,8.8,641.0,19.1,1408,0.0,0.0,0.0,10.028571428571428,11,2022,가을,8.728,5.004067070725786,False,10.3
108,서울,2022-11-11,15.6,10.9,434.0,22.1,1538,0.0,0.0,0.0,11.557142857142855,11,2022,가을,8.728,5.004067070725786,False,11.200000000000001
108,서울,2022-11-12,16.3,11.6,501.0,22.0,1318,7.5,0.0,0.0,12.957142857142856,11,2022,가을,8.728,5.004067070725786,False,10.4
108,서울,2022-11-13,10.3,8.7,2357.0,17.3,1,0.0,0.0,0.0,13.057142857142859,11,2022,가을,8.728,5.004067070725786,False,8.600000000000001
108,서울,2022-11-14,9.7,5.9,2356.0,13.8,1305,0.0,0.0,0.0,12.814285714285713,11,2022,가을,8.728,5.004067070725786,False,7.9
108,서울,2022-11-15,8.1,4.0,658.0,12.3,1341,2.25,0.0,0.0,12.12857142857143,11,2022,가을,8.728,5.004067070725786,False,8.3
108,서울,2022-11-16,8.5,5.5,703.0,13.0,1431,0.0,0.0,0.0,11.714285714285714,11,2022,가을,8.728,5.004067070725786,False,7.5
108,서울,2022-11-17,10.2,5.4,722.0,16.6,1436,0.0,0.0,0.0,11.242857142857144,11,2022,가을,8.728,5.004067070725786,False,11.200000000000001
108,서울,2022-11-18,11.0,5.3,749.0,18.1,1502,0.0,0.0,0.0,10.585714285714287,11,2022,가을,8.728,5.004067070725786,False,12.8
108,서울,2022-11-19,12.9,8.7,111.0,19.2,1507,0.0,0.0,0.0,10.1,11,2022,가을,8.728,5.004067070725786,False,10.5
108,서울,2022-11-20,13.7,9.5,725.0,20.2,1332,0.0,0.0,0.0,10.585714285714285,11,2022,가을,8.728,5.004067070725786,False,10.7
108,서울,2022-11-21,11.8,9.3,711.0,16.2,1132,0.0,0.0,0.0,10.885714285714286,11,2022,가을,8.728,5.004067070725786,False,6.899999999999999
108,서울,2022-11-22,10.7,7.0,651.0,13.7,1414,2.17,0.0,0.0,11.257142857142858,11,2022,가을,8.728,5.004067070725786,False,6.699999999999999
108,서울,2022-11-23,10.8,6.8,2343.0,15.2,1322,1.5,0.0,0.0,11.585714285714287,11,2022,가을,8.728,5.004067070725786,False,8.399999999999999
108,서울,2022-11-24,9.4,5.9,235.0,14.1,1519,0.0,0.0,0.0,11.471428571428572,11,2022,가을,8.728,5.004067070725786,False,8.2
108,서울,2022-11-25,12.3,7.1,253.0,17.8,1501,1.32,0.0,0.0,11.657142857142858,11,2022,가을,8.728,5.004067070725786,False,10.700000000000001
108,서울,2022-11-26,6.7,1.0,2341.0,12.9,1,0.0,0.0,0.0,10.77142857142857,11,2022,가을,8.728,5.004067070725786,False,11.9
108,서울,2022-11-27,5.4,-1.1,530.0,11.5,1521,0.0,0.0,0.0,9.585714285714287,11,2022,가을,8.728,5.004067070725786,False,12.6
108,서울,2022-11-28,12.3,7.5,1.0,15.0,1311,11.58,0.0,0.0,9.657142857142858,11,2022,가을,8.728,5.004067070725786,False,7.5
108,서울,2022-11-29,6.9,-1.6,2352.0,15.0,1,7.58,0.0,0.0,9.114285714285716,11,2022,가을,8.728,5.004067070725786,False,16.6
108,서울,2022-11-30,-5.4,-8.1,2328.0,-1.6,1,0.0,0.0,0.0,6.799999999999999,11,2022,가을,8.728,5.004067070725786,True,6.5
108,서울,2022-12-01,-5.4,-9.4,752.0,-1.2,1542,0.0,0.0,0.0,4.685714285714285,12,2022,겨울,0.19354838709677422,4.998424133734095,False,8.200000000000001
108,서울,2022-12-02,-2.5,-7.6,759.0,3.0,1446,0.0,0.0,0.0,2.5714285714285716,12,2022,겨울,0.19354838709677422,4.998424133734095,False,10.6
108,서울,2022-12-03,2.1,-0.3,1.0,7.0,1431,7.33,0.0,0.0,1.9142857142857141,12,2022,겨울,0.19354838709677422,4.998424133734095,False,7.3
108,서울,2022-12-04,-3.5,-5.2,2400.0,-0.2,1,0.0,0.0,0.0,0.6428571428571429,12,2022,겨울,0.19354838709677422,4.998424133734095,False,5.0
108,서울,2022-12-05,-3.1,-7.0,755.0,1.9,1458,0.0,0.0,0.0,-1.5571428571428574,12,2022,겨울,0.19354838709677422,4.998424133734095,False,8.9
108,서울,2022-12-06,0.9,-3.9,243.0,5.3,1400,4.75,0.0,0.0,-2.4142857142857146,12,2022,겨울,0.19354838709677422,4.998424133734095,False,9.2
108,서울,2022-12-07,4.9,1.2,805.0,9.0,1520,3.33,0.0,0.0,-0.942857142857143,12,2022,겨울,0.19354838709677422,4.998424133734095,False,7.8
108,서울,2022-12-08,3.7,0.1,742.0,9.1,1251,0.0,0.0,0.0,0.35714285714285715,12,2022,겨울,0.19354838709677422,4.998424133734095,False,9.0
108,서울,2022-12-09,4.5,0.9,345.0,10.2,1345,0.58,0.0,0.0,1.3571428571428572,12,2022,겨울,0.19354838709677422,4.998424133734095,False,9.299999999999999
108,서울,2022-12-10,2.6,-0.6,758.0,6.7,1306,0.0,0.0,0.0,1.4285714285714286,12,2022,겨울,0.19354838709677422,4.998424133734095,False,7.3
108,서울,2022-12-11,1.6,-1.5,645.0,6.8,1412,0.0,0.0,0.0,2.1571428571428575,12,2022,겨울,0.19354838709677422,4.998424133734095,False,8.3
108,서울,2022-12-12,2.0,-2.0,345.0,6.3,1408,5.08,0.0,0.0,2.885714285714286,12,2022,겨울,0.19354838709677422,4.998424133734095,False,8.3
108,서울,2022-12-13,0.0,-6.4,2356.0,3.1,233,6.17,0.0,0.0,2.757142857142857,12,2022,겨울,0.19354838709677422,4.998424133734095,False,9.5
108,서울,2022-12-14,-8.4,-11.0,742.0,-4.9,1451,0.0,0.0,0.0,0.8571428571428569,12,2022,겨울,0.19354838709677422,4.998424133734095,False,6.1
108,서울,2022-12-15,-4.5,-8.5,1.0,-1.3,1752,6.67,0.0,0.0,-0.31428571428571456,12,2022,겨울,0.19354838709677422,4.998424133734095,False,7.2
108,서울,2022-12-16,-6.3,-9.6,635.0,-2.2,1303,0.0,0.0,0.0,-1.8571428571428574,12,2022,겨울,0.19354838709677422,4.998424133734095,False,7.3999999999999995
108,서울,2022-12-17,-7.0,-9.8,2322.0,-3.2,1245,2.33,0.0,0.0,-3.2285714285714286,12,2022,겨울,0.19354838709677422,4.998424133734095,False,6.6000000000000005
108,서울,2022-12-18,-9.5,-12.4,740.0,-5.6,1440,0.0,0.0,0.0,-4.814285714285715,12,2022,겨울,0.19354838709677422,4.998424133734095,False,6.800000000000001
108,서울,2022-12-19,-7.0,-12.0,357.0,-2.5,1426,0.0,0.0,0.0,-6.1000000000000005,12,2022,겨울,0.19354838709677422,4.998424133734095,False,9.5
108,서울,2022-12-20,-3.2,-9.5,717.0,2.9,1440,0.0,0.0,0.0,-6.557142857142858,12,2022,겨울,0.19354838709677422,4.998424133734095,False,12.4
108,서울,2022-12-21,-0.1,-2.6,2347.0,2.6,1559,9.17,0.0,0.0,-5.371428571428571,12,2022,겨울,0.19354838709677422,4.998424133734095,False,5.2
108,서울,2022-12-22,-7.8,-11.3,2355.0,-2.6,1,0.0,0.0,0.0,-5.8428571428571425,12,2022,겨울,0.19354838709677422,4.998424133734095,False,8.700000000000001
108,서울,2022-12-23,-11.8,-13.7,619.0,-8.6,1514,0.0,0.0,0.0,-6.628571428571428,12,2022,겨울,0.19354838709677422,4.998424133734095,True,5.1
108,서울,2022-12-24,-8.4,-13.5,743.0,-2.0,1619,0.0,0.0,0.0,-6.828571428571428,12,2022,겨울,0.19354838709677422,4.998424133734095,False,11.5
108,서울,2022-12-25,-5.4,-9.6,611.0,0.2,1532,0.0,0.0,0.0,-6.242857142857143,12,2022,겨울,0.19354838709677422,4.998424133734095,False,9.799999999999999
108,서울,2022-12-26,-3.9,-7.9,730.0,1.7,1532,0.0,0.0,0.0,-5.8,12,2022,겨울,0.19354838709677422,4.998424133734095,False,9.6
108,서울,2022-12-27,-2.6,-7.3,720.0,3.3,1515,0.0,0.0,0.0,-5.714285714285714,12,2022,겨울,0.19354838709677422,4.998424133734095,False,10.6
108,서울,2022-12-28,-3.3,-6.0,2355.0,0.1,1453,3.0,0.0,0.0,-6.171428571428572,12,2022,겨울,0.19354838709677422,4.998424133734095,False,6.1
108,서울,2022-12-29,-2.9,-7.8,728.0,2.1,1522,4.33,0.0,0.0,-5.471428571428571,12,2022,겨울,0.19354838709677422,4.998424133734095,False,9.9
108,서울,2022-12-30,-1.8,-4.4,2355.0,2.3,1354,2.58,0.0,0.0,-4.042857142857143,12,2022,겨울,0.19354838709677422,4.998424133734095,False,6.7
108,서울,2022-12-31,-1.2,-5.1,125.0,2.1,1530,1.42,0.0,0.0,-3.0142857142857147,12,2022,겨울,0.19354838709677422,4.998424133734095,False,7.199999999999999
108,서울,2023-01-01,-0.2,-4.3,2350.0,3.8,1343,0.0,0.0,0.0,-2.2714285714285714,1,2023,겨울,-1.401290322580645,4.526157555848039,False,8.1
108,서울,2023-01-02,-4.5,-7.4,804.0,-0.4,1525,0.0,0.0,0.0,-2.357142857142857,1,2023,겨울,-1.401290322580645,4.526157555848039,False,7.0
108,서울,2023-01-03,-5.0,-9.0,551.0,0.6,1555,0.0,0.0,0.0,-2.6999999999999997,1,2023,겨울,-1.401290322580645,4.526157555848039,False,9.6
108,서울,2023-01-04,-1.8,-5.7,229.0,3.3,1510,0.0,0.0,0.0,-2.4857142857142853,1,2023,겨울,-1.401290322580645,4.526157555848039,False,9.0
108,서울,2023-01-05,-1.6,-5.6,749.0,3.6,1536,0.0,0.0,0.0,-2.3000000000000003,1,2023,겨울,-1.401290322580645,4.526157555848039,False,9.2
108,서울,2023-01-06,0.6,-4.7,816.0,5.7,1414,4.78,0.0,0.0,-1.957142857142857,1,2023,겨울,-1.401290322580645,4.526157555848039,False,10.4
108,서울,2023-01-07,1.5,-1.4,2354.0,3.8,1336,1.42,0.0,0.0,-1.5714285714285714,1,2023,겨울,-1.401290322580645,4.526157555848039,False,5.199999999999999
108,서울,2023-01-08,1.3,-3.7,800.0,6.3,1522,0.0,0.0,0.0,-1.3571428571428572,1,2023,겨울,-1.401290322580645,4.526157555848039,False,10.0
108,서울,2023-01-09,3.1,-1.3,2400.0,7.0,1238,0.0,0.0,0.0,-0.27142857142857146,1,2023,겨울,-1.401290322580645,4.526157555848039,False,8.3
108,서울,2023-01-10,1.6,-3.9,724.0,9.1,1530,0.0,0.0,0.0,0.6714285714285714,1,2023,겨울,-1.401290322580645,4.526157555848039,False,13.0
108,서울,2023-01-11,2.6,-2.0,802.0,9.2,1410,0.0,0.0,0.0,1.3,1,2023,겨울,-1.401290322580645,4.526157555848039,False,11.2
108,서울,2023-01-12,5.9,-0.6,645.0,12.5,1600,0.92,0.0,0.0,2.3714285714285714,1,2023,겨울,-1.401290322580645,4.526157555848039,False,13.1
108,서울,2023-01-13,8.3,5.1,225.0,10.1,1628,23.08,0.0,0.0,3.471428571428572,1,2023,겨울,-1.401290322580645,4.526157555848039,True,5.0
108,서울,2023-01-14,6.6,3.8,2328.0,8.4,1,16.33,0.0,0.0,4.2,1,2023,겨울,-1.401290322580645,4.526157555848039,False,4.6000000000000005
108,서울,2023-01-15,-0.2,-3.5,2338.0,3.8,1,23.17,0.0,0.0,3.985714285714286,1,2023,겨울,-1.401290322580645,4.526157555848039,False,7.3
108,서울,2023-01-16,-4.6,-6.8,849.0,-1.2,1432,8.5,0.0,0.0,2.8857142857142857,1,2023,겨울,-1.401290322580645,4.526157555848039,False,5.6
108,서울,2023-01-17,-3.7,-7.0,311.0,-0.4,1402,2.92,0.0,0.0,2.128571428571429,1,2023,겨울,-1.401290322580645,4.526157555848039,False,6.6
108,서울,2023-01-18,-1.9,-4.6,815.0,2.2,1452,1.5,0.0,0.0,1.4857142857142858,1,2023,겨울,-1.401290322580645,4.526157555848039,False,6.8
108,서울,2023-01-19,-0.4,-6.0,601.0,4.3,1419,4.0,0.0,0.0,0.5857142857142857,1,2023,겨울,-1.401290322580645,4.526157555848039,False,10.3
108,서울,2023-01-20,-3.3,-7.7,2353.0,2.0,222,0.0,0.0,0.0,-1.0714285714285714,1,2023,겨울,-1.401290322580645,4.526157555848039,False,9.7
108,서울,2023-01-21,-4.5,-10.5,713.0,1.5,1522,0.0,0.0,0.0,-2.6571428571428575,1,2023,겨울,-1.401290322580645,4.526157555848039,False,12.0
108,서울,2023-01-22,-0.6,-2.8,117.0,2.6,1533,2.0,0.0,0.0,-2.7142857142857144,1,2023,겨울,-1.401290322580645,4.526157555848039,False,5.4
108,서울,2023-01-23,-0.8,-6.9,2354.0,4.6,1345,0.0,0.0,0.0,-2.1714285714285713,1,2023,겨울,-1.401290322580645,4.526157555848039,False,11.5
108,서울,2023-01-24,-14.7,-17.0,2354.0,-6.9,1,0.92,0.0,0.0,-3.742857142857143,1,2023,겨울,-1.401290322580645,4.526157555848039,True,10.1
108,서울,2023-01-25,-11.3,-17.3,144.0,-5.4,1620,0.17,0.0,0.0,-5.085714285714286,1,2023,겨울,-1.401290322580645,4.526157555848039,True,11.9
108,서울,2023-01-26,-6.0,-9.0,502.0,-3.5,1559,14.92,0.0,0.0,-5.885714285714286,1,2023,겨울,-1.401290322580645,4.526157555848039,False,5.5
108,서울,2023-01-27,-7.3,-9.6,2333.0,-3.8,1548,0.0,0.0,0.0,-6.457142857142856,1,2023,겨울,-1.401290322580645,4.526157555848039,False,5.8
108,서울,2023-01-28,-6.0,-11.2,813.0,-0.6,1554,0.17,0.0,0.0,-6.671428571428571,1,2023,겨울,-1.401290322580645,4.526157555848039,False,10.6
108,서울,2023-01-29,-1.8,-8.0,607.0,4.9,1426,0.0,0.0,0.0,-6.8428571428571425,1,2023,겨울,-1.401290322580645,4.526157555848039,False,12.9
108,서울,2023-01-30,-0.9,-4.4,449.0,4.2,1515,0.0,0.0,0.0,-6.857142857142857,1,2023,겨울,-1.401290322580645,4.526157555848039,False,8.600000000000001
108,서울,2023-01-31,2.4,-3.5,402.0,7.8,1530,0.0,0.0,0.0,-4.414285714285714,1,2023,겨울,-1.401290322580645,4.526157555848039,False,11.3
108,서울,2023-02-01,0.9,-3.0,2400.0,6.0,1,0.0,0.0,0.0,-2.6714285714285713,2,2023,겨울,1.3283687943262412,4.435495241170688,False,9.0
108,서울,2023-02-02,-2.4,-5.1,719.0,1.4,1606,0.0,0.0,0.0,-2.157142857142857,2,2023,겨울,1.3283687943262412,4.435495241170688,False,6.5
108,서울,2023-02-03,-1.6,-3.9,118.0,3.4,1540,0.0,0.0,0.0,-1.342857142857143,2,2023,겨울,1.3283687943262412,4.435495241170688,False,7.3
108,서울,2023-02-04,-0.2,-5.2,535.0,6.0,1528,0.0,0.0,0.0,-0.5142857142857143,2,2023,겨울,1.3283687943262412,4.435495241170688,False,11.2
108,서울,2023-02-05,1.7,-3.3,726.0,7.1,1338,0.0,0.0,0.0,-0.01428571428571433,2,2023,겨울,1.3283687943262412,4.435495241170688,False,10.399999999999999
108,서울,2023-02-06,3.0,-1.7,716.0,8.8,1458,0.0,0.0,0.0,0.5428571428571428,2,2023,겨울,1.3283687943262412,4.435495241170688,False,10.5
108,서울,2023-02-07,3.5,-0.6,727.0,9.5,1546,0.0,0.0,0.0,0.7000000000000001,2,2023,겨울,1.3283687943262412,4.435495241170688,False,10.1
108,서울,2023-02-08,2.1,-1.3,645.0,7.8,1505,0.0,0.0,0.0,0.8714285714285713,2,2023,겨울,1.3283687943262412,4.435495241170688,False,9.1
108,서울,2023-02-09,4.0,-2.8,509.0,9.9,1537,0.67,0.0,0.0,1.7857142857142858,2,2023,겨울,1.3283687943262412,4.435495241170688,False,12.7
108,서울,2023-02-10,3.8,1.1,2356.0,6.2,1610,9.92,0.0,0.0,2.557142857142857,2,2023,겨울,1.3283687943262412,4.435495241170688,False,5.1
108,서울,2023-02-11,2.8,-1.2,703.0,8.5,1417,0.0,0.0,0.0,2.9857142857142853,2,2023,겨울,1.3283687943262412,4.435495241170688,False,9.7
108,서울,2023-02-12,3.7,-0.9,624.0,7.6,1351,0.0,0.0,0.0,3.2714285714285714,2,2023,겨울,1.3283687943262412,4.435495241170688,False,8.5
108,서울,2023-02-13,5.9,2.7,2351.0,8.4,1219,0.0,0.0,0.0,3.685714285714286,2,2023,겨울,1.3283687943262412,4.435495241170688,False,5.7
108,서울,2023-02-14,1.7,-2.5,730.0,6.6,1521,0.0,0.0,0.0,3.4285714285714284,2,2023,겨울,1.3283687943262412,4.435495241170688,False,9.1
108,서울,2023-02-15,3.2,-1.2,706.0,8.9,1558,0.0,0.0,0.0,3.5857142857142854,2,2023,겨울,1.3283687943262412,4.435495241170688,False,10.1
108,서울,2023-02-16,2.3,-0.7,2353.0,4.5,1459,0.0,0.0,0.0,3.342857142857143,2,2023,겨울,1.3283687943262412,4.435495241170688,False,5.2
108,서울,2023-02-17,3.4,-1.5,543.0,9.8,1542,0.0,0.0,0.0,3.2857142857142856,2,2023,겨울,1.3283687943262412,4.435495241170688,False,11.3
108,서울,2023-02-18,5.7,3.0,6.0,8.1,1529,0.0,0.0,0.0,3.6999999999999997,2,2023,겨울,1.3283687943262412,4.435495241170688,False,5.1
108,서울,2023-02-19,3.5,0.2,2341.0,6.1,1457,2.92,0.0,0.0,3.6714285714285717,2,2023,겨울,1.3283687943262412,4.435495241170688,False,5.8999999999999995
108,서울,2023-02-20,-0.5,-3.5,2357.0,2.4,1419,0.0,0.0,0.0,2.7571428571428567,2,2023,겨울,1.3283687943262412,4.435495241170688,False,5.9
108,서울,2023-02-21,-1.3,-5.3,759.0,4.8,1618,0.0,0.0,0.0,2.3285714285714287,2,2023,겨울,1.3283687943262412,4.435495241170688,False,10.1
108,서울,2023-02-22,1.2,-4.5,712.0,8.4,1452,0.0,0.0,0.0,2.042857142857143,2,2023,겨울,1.3283687943262412,4.435495241170688,False,12.9
108,서울,2023-02-23,2.9,-1.8,629.0,9.2,1531,0.0,0.0,0.0,2.1285714285714286,2,2023,겨울,1.3283687943262412,4.435495241170688,False,11.0
108,서울,2023-02-24,3.5,-0.4,2400.0,8.5,1501,0.0,0.0,0.0,2.142857142857143,2,2023,겨울,1.3283687943262412,4.435495241170688,False,8.9
108,서울,2023-02-25,0.7,-2.9,727.0,5.7,1527,0.0,0.0,0.0,1.4285714285714286,2,2023,겨울,1.3283687943262412,4.435495241170688,False,8.6
108,서울,2023-02-26,2.2,-3.4,729.0,9.4,1534,0.0,0.0,0.0,1.2428571428571427,2,2023,겨울,1.3283687943262412,4.435495241170688,False,12.8
108,서울,2023-02-27,4.4,-1.8,646.0,12.4,1501,0.0,0.0,0.0,1.942857142857143,2,2023,겨울,1.3283687943262412,4.435495241170688,False,14.200000000000001
108,서울,2023-02-28,4.3,-0.7,719.0,8.7,1553,0.0,0.0,0.0,2.7428571428571433,2,2023,겨울,1.3283687943262412,4.435495241170688,False,9.399999999999999
108,서울,2023-03-01,6.0,2.9,2355.0,9.0,1525,0.0,0.0,0.0,3.4285714285714284,3,2023,봄,8.282580645161291,3.7498943428768534,False,6.1
108,서울,2023-03-02,2.2,-1.8,736.0,6.6,1541,0.0,0.0,0.0,3.3285714285714287,3,2023,봄,8.282580645161291,3.7498943428768534,False,8.4
108,서울,2023-03-03,4.6,-1.9,708.0,10.4,1445,0.0,0.0,0.0,3.4857142857142853,3,2023,봄,8.282580645161291,3.7498943428768534,False,12.3
108,서울,2023-03-04,7.7,3.7,800.0,14.1,1513,0.0,0.0,0.0,4.485714285714286,3,2023,봄,8.282580645161291,3.7498943428768534,False,10.399999999999999
108,서울,2023-03-05,8.0,2.5,702.0,15.4,1415,0.0,0.0,0.0,5.314285714285715,3,2023,봄,8.282580645161291,3.7498943428768534,False,12.9
108,서울,2023-03-06,9.2,2.2,701.0,16.5,1455,0.0,0.0,0.0,6.0,3,2023,봄,8.282580645161291,3.7498943428768534,False,14.3
108,서울,2023-03-07,11.7,6.3,645.0,19.4,1443,0.0,0.0,0.0,7.057142857142857,3,2023,봄,8.282580645161291,3.7498943428768534,False,13.099999999999998
108,서울,2023-03-08,12.5,7.4,559.0,17.7,1237,1.08,0.0,0.0,7.985714285714286,3,2023,봄,8.282580645161291,3.7498943428768534,False,10.299999999999999
108,서울,2023-03-09,10.3,7.4,2316.0,13.1,1,4.83,0.0,0.0,9.142857142857142,3,2023,봄,8.282580645161291,3.7498943428768534,False,5.699999999999999
108,서울,2023-03-10,13.5,6.2,456.0,22.2,1528,0.0,0.0,0.0,10.414285714285715,3,2023,봄,8.282580645161291,3.7498943428768534,False,16.0
108,서울,2023-03-11,15.2,10.2,659.0,22.8,1428,0.0,0.0,0.0,11.485714285714284,3,2023,봄,8.282580645161291,3.7498943428768534,False,12.600000000000001
108,서울,2023-03-12,5.9,0.6,2355.0,12.6,1,6.33,0.0,0.0,11.185714285714285,3,2023,봄,8.282580645161291,3.7498943428768534,False,12.0
108,서울,2023-03-13,2.9,-1.9,651.0,7.6,1444,0.0,0.0,0.0,10.285714285714286,3,2023,봄,8.282580645161291,3.7498943428768534,False,9.5
108,서울,2023-03-14,9.2,3.3,331.0,15.4,1533,0.0,0.0,0.0,9.928571428571429,3,2023,봄,8.282580645161291,3.7498943428768534,False,12.100000000000001
108,서울,2023-03-15,8.6,3.5,2400.0,14.4,1215,0.0,0.0,0.0,9.37142857142857,3,2023,봄,8.282580645161291,3.7498943428768534,False,10.9
108,서울,2023-03-16,4.6,0.4,509.0,9.0,1349,0.0,0.0,0.0,8.557142857142857,3,2023,봄,8.282580645161291,3.7498943428768534,False,8.6
108,서울,2023-03-17,7.2,0.7,652.0,12.7,1543,0.0,0.0,0.0,7.6571428571428575,3,2023,봄,8.282580645161291,3.7498943428768534,False,12.0
108,서울,2023-03-18,7.7,2.5,629.0,14.0,1532,0.0,0.0,0.0,6.5857142857142845,3,2023,봄,8.282580645161291,3.7498943428768534,False,11.5
108,서울,2023-03-19,8.3,2.3,707.0,15.2,1539,0.0,0.0,0.0,6.928571428571429,3,2023,봄,8.282580645161291,3.7498943428768534,False,12.899999999999999
108,서울,2023-03-20,9.5,2.6,704.0,17.1,1443,0.0,0.0,0.0,7.871428571428572,3,2023,봄,8.282580645161291,3.7498943428768534,False,14.500000000000002
108,서울,2023-03-21,13.0,5.0,646.0,22.2,1627,0.0,0.0,0.0,8.414285714285715,3,2023,봄,8.282580645161291,3.7498943428768534,False,17.2
108,서울,2023-03-22,17.0,9.2,532.0,25.1,1425,0.0,0.0,0.0,9.614285714285714,3,2023,봄,8.282580645161291,3.7498943428768534,True,15.900000000000002
108,서울,2023-03-23,17.4,12.3,2358.0,23.3,1537,2.92,0.0,0.0,11.442857142857141,3,2023,봄,8.282580645161291,3.7498943428768534,True,11.0
108,서울,2023-03-24,12.5,7.6,633.0,18.3,1517,0.0,0.0,0.0,12.200000000000001,3,2023,봄,8.282580645161291,3.7498943428768534,False,10.700000000000001
108,서울,2023-03-25,12.5,8.0,635.0,18.7,1511,0.0,0.0,0.0,12.885714285714284,3,2023,봄,8.282580645161291,3.7498943428768534,False,10.7
108,서울,2023-03-26,9.4,4.7,2356.0,14.0,1507,0.0,0.0,0.0,13.042857142857143,3,2023,봄,8.282580645161291,3.7498943428768534,False,9.3
108,서울,2023-03-27,7.3,1.9,615.0,14.5,1503,0.0,0.0,0.0,12.728571428571428,3,2023,봄,8.282580645161291,3.7498943428768534,False,12.6
108,서울,2023-03-28,9.2,2.8,624.0,15.7,1527,0.0,0.0,0.0,12.185714285714285,3,2023,봄,8.282580645161291,3.7498943428768534,False,12.899999999999999
108,서울,2023-03-29,11.8,5.1,549.0,19.7,1508,0.0,0.0,0.0,11.442857142857141,3,2023,봄,8.282580645161291,3.7498943428768534,False,14.6
108,서울,2023-03-30,13.3,6.4,644.0,21.2,1604,0.0,0.0,0.0,10.857142857142858,3,2023,봄,8.282580645161291,3.7498943428768534,False,14.799999999999999
108,서울,2023-03-31,15.0,7.5,655.0,23.9,1537,0.0,0.0,0.0,11.214285714285714,3,2023,봄,8.282580645161291,3.7498943428768534,False,16.4
108,서울,2023-04-01,17.5,9.4,646.0,25.6,1525,0.0,0.0,0.0,11.928571428571429,4,2023,봄,14.502,3.4178070994612195,False,16.200000000000003
108,서울,2023-04-02,18.8,11.9,617.0,25.2,1505,0.0,0.0,0.0,13.27142857142857,4,2023,봄,14.502,3.4178070994612195,False,13.299999999999999
108,서울,2023-04-03,19.0,11.3,636.0,25.9,1608,0.0,0.0,0.0,14.942857142857141,4,2023,봄,14.502,3.4178070994612195,False,14.599999999999998
108,서울,2023-04-04,17.6,12.7,2352.0,21.7,1402,5.08,0.9,3.1,16.142857142857146,4,2023,봄,14.502,3.4178070994612195,False,9.0
108,서울,2023-04-05,11.9,8.7,2218.0,14.9,1301,22.5,2.4,9.0,16.157142857142855,4,2023,봄,14.502,3.4178070994612195,False,6.200000000000001
108,서울,2023-04-06,8.8,7.4,2355.0,9.7,1312,19.17,0.4,1.5,15.514285714285716,4,2023,봄,14.502,3.4178070994612195,False,2.299999999999999
108,서울,2023-04-07,8.9,4.6,2339.0,15.7,1404,0.0,0.0,0.0,14.642857142857142,4,2023,봄,14.502,3.4178070994612195,False,11.1
108,서울,2023-04-08,8.8,3.1,518.0,14.9,1515,0.0,0.0,0.0,13.400000000000002,4,2023,봄,14.502,3.4178070994612195,False,11.8
108,서울,2023-04-09,10.8,3.5,624.0,17.8,1431,0.0,0.0,0.0,12.257142857142858,4,2023,봄,14.502,3.4178070994612195,False,14.3
108,서울,2023-04-10,13.2,6.2,526.0,19.1,1402,0.0,0.0,0.0,11.428571428571429,4,2023,봄,14.502,3.4178070994612195,False,12.900000000000002
108,서울,2023-04-11,13.1,9.2,2356.0,17.4,928,6.92,2.2,2.6,10.785714285714286,4,2023,봄,14.502,3.4178070994612195,False,8.2
108,서울,2023-04-12,10.1,4.8,624.0,15.3,1520,0.0,0.0,0.0,10.528571428571428,4,2023,봄,14.502,3.4178070994612195,False,10.5
108,서울,2023-04-13,11.9,5.1,611.0,17.2,1512,0.25,0.0,0.0,10.971428571428572,4,2023,봄,14.502,3.4178070994612195,False,12.1
108,서울,2023-04-14,16.2,11.9,30.0,21.3,1515,0.0,0.0,0.0,12.014285714285714,4,2023,봄,14.502,3.4178070994612195,False,9.4
108,서울,2023-04-15,13.5,9.3,2359.0,16.6,1537,3.0,1.8,3.6,12.685714285714285,4,2023,봄,14.502,3.4178070994612195,False,7.300000000000001
108,서울,2023-04-16,10.8,7.5,529.0,16.1,1621,0.48,0.0,0.0,12.685714285714285,4,2023,봄,14.502,3.4178070994612195,False,8.600000000000001
108,서울,2023-04-17,13.1,6.8,541.0,18.1,1551,0.0,0.0,0.0,12.671428571428573,4,2023,봄,14.502,3.4178070994612195,False,11.3
108,서울,2023-04-18,14.0,10.7,803.0,18.4,1726,8.42,0.2,0.6,12.8,4,2023,봄,14.502,3.4178070994612195,False,7.699999999999999
108,서울,2023-04-19,19.1,11.5,552.0,28.4,1628,0.0,0.0,0.0,14.085714285714285,4,2023,봄,14.502,3.4178070994612195,False,16.9
108,서울,2023-04-20,15.8,14.5,2256.0,18.9,1,9.17,0.2,0.5,14.642857142857142,4,2023,봄,14.502,3.4178070994612195,False,4.399999999999999
108,서울,2023-04-21,16.7,11.4,621.0,22.8,1506,0.0,0.0,0.0,14.714285714285714,4,2023,봄,14.502,3.4178070994612195,False,11.4
108,서울,2023-04-22,16.9,12.2,559.0,22.5,1529,0.0,0.0,0.0,15.200000000000001,4,2023,봄,14.502,3.4178070994612195,False,10.3
108,서울,2023-04-23,16.1,10.7,557.0,22.1,1347,0.0,0.0,0.0,15.957142857142857,4,2023,봄,14.502,3.4178070994612195,False,11.400000000000002
108,서울,2023-04-24,15.8,11.5,2349.0,21.3,1431,0.0,0.0,0.0,16.34285714285714,4,2023,봄,14.502,3.4178070994612195,False,9.8
108,서울,2023-04-25,10.9,9.0,2244.0,13.2,1007,13.25,0.2,0.4,15.9,4,2023,봄,14.502,3.4178070994612195,False,4.199999999999999
108,서울,2023-04-26,10.2,7.4,2350.0,13.5,1508,0.58,0.0,0.0,14.62857142857143,4,2023,봄,14.502,3.4178070994612195,False,6.1
108,서울,2023-04-27,12.9,5.1,610.0,20.0,1526,0.0,0.0,0.0,14.214285714285714,4,2023,봄,14.502,3.4178070994612195,False,14.9
108,서울,2023-04-28,15.7,9.0,613.0,21.3,1444,2.83,0.6,1.7,14.071428571428571,4,2023,봄,14.502,3.4178070994612195,False,12.3
108,서울,2023-04-29,13.2,9.9,2144.0,15.8,755,13.83,1.6,4.9,13.542857142857143,4,2023,봄,14.502,3.4178070994612195,False,5.9
108,서울,2023-04-30,12.7,7.9,430.0,17.9,1507,2.92,0.1,0.1,13.057142857142859,4,2023,봄,14.502,3.4178070994612195,False,9.999999999999998
108,서울,2023-05-01,14.6,9.8,558.0,20.8,1623,0.0,0.0,0.0,12.885714285714286,5,2023,봄,18.395483870967745,3.121403737154581,False,11.0
108,서울,2023-05-02,16.7,9.1,523.0,23.7,1552,0.0,0.0,0.0,13.714285714285714,5,2023,봄,18.395483870967745,3.121403737154581,False,14.6
108,서울,2023-05-03,19.5,12.4,626.0,26.2,1509,0.0,0.0,0.0,15.042857142857141,5,2023,봄,18.395483870967745,3.121403737154581,False,13.799999999999999
108,서울,2023-05-04,21.4,15.6,547.0,25.8,1435,0.0,0.0,0.0,16.257142857142856,5,2023,봄,18.395483870967745,3.121403737154581,False,10.200000000000001
108,서울,2023-05-05,18.4,15.5,2358.0,21.6,1,22.67,3.7,9.3,16.642857142857142,5,2023,봄,18.395483870967745,3.121403737154581,False,6.100000000000001
108,서울,2023-05-06,12.6,11.7,838.0,15.5,1,16.42,2.4,9.3,16.557142857142857,5,2023,봄,18.395483870967745,3.121403737154581,False,3.8000000000000007
108,서울,2023-05-07,14.4,11.1,2327.0,18.6,1635,0.0,0.0,0.0,16.8,5,2023,봄,18.395483870967745,3.121403737154581,False,7.500000000000002
108,서울,2023-05-08,15.3,7.9,547.0,22.0,1340,0.0,0.0,0.0,16.9,5,2023,봄,18.395483870967745,3.121403737154581,False,14.1
108,서울,2023-05-09,17.0,10.0,550.0,24.4,1500,0.0,0.0,0.0,16.942857142857143,5,2023,봄,18.395483870967745,3.121403737154581,False,14.399999999999999
108,서울,2023-05-10,18.4,10.7,551.0,26.0,1546,0.0,0.0,0.0,16.785714285714285,5,2023,봄,18.395483870967745,3.121403737154581,False,15.3
108,서울,2023-05-11,19.5,12.8,545.0,26.7,1423,0.0,0.0,0.0,16.514285714285712,5,2023,봄,18.395483870967745,3.121403737154581,False,13.899999999999999
108,서울,2023-05-12,18.4,13.1,551.0,24.7,1426,0.0,0.0,0.0,16.514285714285712,5,2023,봄,18.395483870967745,3.121403737154581,False,11.6
108,서울,2023-05-13,17.8,12.6,608.0,23.9,1417,0.17,0.0,0.0,17.257142857142856,5,2023,봄,18.395483870967745,3.121403737154581,False,11.299999999999999
108,서울,2023-05-14,18.1,12.9,520.0,23.8,1400,0.0,0.0,0.0,17.785714285714285,5,2023,봄,18.395483870967745,3.121403737154581,False,10.9
108,서울,2023-05-15,20.6,12.8,520.0,27.9,1546,0.0,0.0,0.0,18.542857142857144,5,2023,봄,18.395483870967745,3.121403737154581,False,15.099999999999998
108,서울,2023-05-16,24.0,17.2,515.0,31.2,1436,0.0,0.0,0.0,19.542857142857144,5,2023,봄,18.395483870967745,3.121403737154581,False,14.0
108,서울,2023-05-17,23.5,18.6,442.0,28.7,1310,0.0,0.0,0.0,20.271428571428572,5,2023,봄,18.395483870967745,3.121403737154581,False,10.099999999999998
108,서울,2023-05-18,21.2,18.8,2358.0,27.6,1326,0.83,0.7,1.3,20.514285714285712,5,2023,봄,18.395483870967745,3.121403737154581,False,8.8
108,서울,2023-05-19,22.3,16.7,531.0,27.8,1409,0.0,0.0,0.0,21.071428571428573,5,2023,봄,18.395483870967745,3.121403737154581,False,11.100000000000001
108,서울,2023-05-20,21.2,16.6,2313.0,26.7,1200,0.0,0.0,0.0,21.557142857142853,5,2023,봄,18.395483870967745,3.121403737154581,False,10.099999999999998
108,서울,2023-05-21,17.8,15.3,603.0,21.9,1608,5.58,0.2,0.2,21.514285714285712,5,2023,봄,18.395483870967745,3.121403737154581,False,6.599999999999998
108,서울,2023-05-22,20.3,15.9,412.0,26.8,1622,0.33,0.0,0.0,21.47142857142857,5,2023,봄,18.395483870967745,3.121403737154581,False,10.9
108,서울,2023-05-23,20.5,14.1,534.0,26.9,1650,0.0,0.0,0.0,20.97142857142857,5,2023,봄,18.395483870967745,3.121403737154581,False,12.799999999999999
108,서울,2023-05-24,20.6,14.8,535.0,25.9,1329,0.0,0.0,0.0,20.557142857142857,5,2023,봄,18.395483870967745,3.121403737154581,False,11.099999999999998
108,서울,2023-05-25,21.2,15.7,534.0,27.4,1403,0.17,0.0,0.0,20.557142857142857,5,2023,봄,18.395483870967745,3.121403737154581,False,11.7
108,서울,2023-05-26,21.4,15.8,544.0,27.3,1522,2.0,0.4,0.5,20.428571428571427,5,2023,봄,18.395483870967745,3.121403737154581,False,11.5
108,서울,2023-05-27,19.3,18.6,431.0,20.7,851,15.5,2.0,5.8,20.157142857142855,5,2023,봄,18.395483870967745,3.121403737154581,False,2.099999999999998
108,서울,2023-05-28,19.2,18.4,649.0,20.2,1315,24.0,1.6,4.9,20.357142857142858,5,2023,봄,18.395483870967745,3.121403737154581,False,1.8000000000000007
108,서울,2023-05-29,23.2,19.0,1.0,28.5,1646,7.5,0.4,1.4,20.771428571428572,5,2023,봄,18.395483870967745,3.121403737154581,False,9.5
108,서울,2023-05-30,24.0,20.5,543.0,28.9,1454,0.0,0.0,0.0,21.271428571428572,5,2023,봄,18.395483870967745,3.121403737154581,False,8.399999999999999
108,서울,2023-05-31,22.8,18.8,506.0,28.2,1625,0.0,0.0,0.0,21.58571428571429,5,2023,봄,18.395483870967745,3.121403737154581,False,9.399999999999999
108,서울,2023-06-01,22.8,19.7,528.0,26.3,1707,0.0,0.0,0.0,21.814285714285713,6,2023,여름,23.626666666666665,2.2328741723060053,False,6.600000000000001
108,서울,2023-06-02,20.4,17.9,601.0,25.0,1648,0.17,0.0,0.0,21.671428571428574,6,2023,여름,23.626666666666665,2.2328741723060053,False,7.100000000000001
108,서울,2023-06-03,22.0,16.6,607.0,27.8,1423,0.0,0.0,0.0,22.057142857142857,6,2023,여름,23.626666666666665,2.2328741723060053,False,11.2
108,서울,2023-06-04,22.1,16.9,537.0,28.0,1627,0.0,0.0,0.0,22.471428571428568,6,2023,여름,23.626666666666665,2.2328741723060053,False,11.100000000000001
108,서울,2023-06-05,21.5,17.6,532.0,26.3,1532,0.0,0.0,0.0,22.228571428571428,6,2023,여름,23.626666666666665,2.2328741723060053,False,8.7
108,서울,2023-06-06,20.3,17.3,537.0,25.2,1335,0.92,0.0,0.0,21.7,6,2023,여름,23.626666666666665,2.2328741723060053,False,7.899999999999999
108,서울,2023-06-07,21.4,18.9,332.0,25.7,1723,1.17,0.0,0.0,21.5,6,2023,여름,23.626666666666665,2.2328741723060053,False,6.800000000000001
108,서울,2023-06-08,20.4,18.3,2339.0,23.9,1613,5.33,0.7,1.5,21.157142857142855,6,2023,여름,23.626666666666665,2.2328741723060053,False,5.599999999999998
108,서울,2023-06-09,23.3,18.3,524.0,28.4,1646,3.42,0.5,0.6,21.571428571428573,6,2023,여름,23.626666666666665,2.2328741723060053,False,10.099999999999998
108,서울,2023-06-10,23.2,19.6,2332.0,28.5,1248,1.83,0.6,1.7,21.74285714285714,6,2023,여름,23.626666666666665,2.2328741723060053,False,8.899999999999999
108,서울,2023-06-11,22.1,17.9,422.0,27.3,1710,5.42,9.5,16.1,21.74285714285714,6,2023,여름,23.626666666666665,2.2328741723060053,False,9.400000000000002
108,서울,2023-06-12,22.2,18.4,610.0,27.5,1353,1.92,0.0,0.0,21.842857142857145,6,2023,여름,23.626666666666665,2.2328741723060053,False,9.100000000000001
108,서울,2023-06-13,22.0,19.2,556.0,26.0,1313,0.5,0.0,0.0,22.085714285714285,6,2023,여름,23.626666666666665,2.2328741723060053,False,6.800000000000001
108,서울,2023-06-14,20.6,17.5,508.0,25.0,1258,2.25,12.7,30.6,21.971428571428568,6,2023,여름,23.626666666666665,2.2328741723060053,False,7.5
108,서울,2023-06-15,22.7,17.7,545.0,28.3,1516,0.0,0.0,0.0,22.300000000000004,6,2023,여름,23.626666666666665,2.2328741723060053,False,10.600000000000001
108,서울,2023-06-16,23.7,19.1,501.0,28.9,1535,0.0,0.0,0.0,22.357142857142858,6,2023,여름,23.626666666666665,2.2328741723060053,False,9.799999999999997
108,서울,2023-06-17,24.2,18.9,540.0,30.2,1515,0.0,0.0,0.0,22.5,6,2023,여름,23.626666666666665,2.2328741723060053,False,11.3
108,서울,2023-06-18,25.9,20.8,518.0,32.6,1636,0.0,0.0,0.0,23.04285714285714,6,2023,여름,23.626666666666665,2.2328741723060053,False,11.8
108,서울,2023-06-19,28.5,23.3,353.0,34.0,1455,0.0,0.0,0.0,23.942857142857143,6,2023,여름,23.626666666666665,2.2328741723060053,True,10.7
108,서울,2023-06-20,24.7,21.4,2356.0,26.4,1040,6.83,2.3,6.4,24.328571428571426,6,2023,여름,23.626666666666665,2.2328741723060053,False,5.0
108,서울,2023-06-21,20.5,19.2,344.0,22.1,1522,14.67,3.3,8.4,24.314285714285713,6,2023,여름,23.626666666666665,2.2328741723060053,False,2.900000000000002
108,서울,2023-06-22,22.5,18.9,524.0,26.4,1529,0.25,0.0,0.0,24.285714285714285,6,2023,여름,23.626666666666665,2.2328741723060053,False,7.5
108,서울,2023-06-23,24.4,20.0,309.0,29.9,1650,0.0,0.0,0.0,24.385714285714283,6,2023,여름,23.626666666666665,2.2328741723060053,False,9.899999999999999
108,서울,2023-06-24,26.4,21.9,514.0,31.1,1540,0.0,0.0,0.0,24.7,6,2023,여름,23.626666666666665,2.2328741723060053,False,9.200000000000003
108,서울,2023-06-25,28.2,22.8,545.0,33.1,1529,0.0,0.0,0.0,25.02857142857143,6,2023,여름,23.626666666666665,2.2328741723060053,True,10.3
108,서울,2023-06-26,24.2,22.3,606.0,27.5,1,13.25,4.2,11.1,24.414285714285715,6,2023,여름,23.626666666666665,2.2328741723060053,False,5.199999999999999
108,서울,2023-06-27,25.3,21.4,525.0,29.1,1657,2.5,1.0,2.5,24.5,6,2023,여름,23.626666666666665,2.2328741723060053,False,7.700000000000003
108,서울,2023-06-28,26.5,24.2,447.0,30.1,1453,0.5,0.0,0.0,25.357142857142858,6,2023,여름,23.626666666666665,2.2328741723060053,False,5.900000000000002
108,서울,2023-06-29,24.2,23.2,2343.0,25.9,7,17.83,11.2,33.8,25.6,6,2023,여름,23.626666666666665,2.2328741723060053,False,2.6999999999999993
108,서울,2023-06-30,25.3,23.2,1.0,29.1,1603,11.92,0.2,0.4,25.728571428571428,6,2023,여름,23.626666666666665,2.2328741723060053,False,5.900000000000002
108,서울,2023-07-01,27.7,23.3,321.0,32.9,1459,0.0,0.0,0.0,25.914285714285715,7,2023,여름,27.506451612903227,2.410520163172063,False,9.599999999999998
108,서울,2023-07-02,26.7,23.5,543.0,30.6,1617,0.0,0.0,0.0,25.7,7,2023,여름,27.506451612903227,2.410520163172063,False,7.100000000000001
108,서울,2023-07-03,29.1,24.1,524.0,34.9,1616,0.0,0.0,0.0,26.4,7,2023,여름,27.506451612903227,2.410520163172063,False,10.799999999999997
108,서울,2023-07-04,26.1,24.5,2004.0,29.2,1239,10.5,11.1,28.5,26.514285714285716,7,2023,여름,27.506451612903227,2.410520163172063,False,4.699999999999999
108,서울,2023-07-05,24.5,22.1,648.0,27.1,1308,6.08,6.9,13.8,26.22857142857143,7,2023,여름,27.506451612903227,2.410520163172063,False,5.0
108,서울,2023-07-06,27.3,22.4,545.0,31.8,1435,0.0,0.0,0.0,26.67142857142857,7,2023,여름,27.506451612903227,2.410520163172063,False,9.400000000000002
108,서울,2023-07-07,26.7,23.3,2345.0,31.4,1447,0.0,0.0,0.0,26.871428571428574,7,2023,여름,27.506451612903227,2.410520163172063,False,8.099999999999998
108,서울,2023-07-08,25.6,22.4,346.0,29.7,1541,0.0,0.0,0.0,26.571428571428573,7,2023,여름,27.506451612903227,2.410520163172063,False,7.300000000000001
108,서울,2023-07-09,24.7,21.6,1208.0,27.0,849,7.17,18.1,24.6,26.285714285714285,7,2023,여름,27.506451612903227,2.410520163172063,False,5.399999999999999
108,서울,2023-07-10,26.3,22.9,626.0,30.9,1518,0.67,10.8,11.5,25.88571428571429,7,2023,여름,27.506451612903227,2.410520163172063,False,8.0
108,서울,2023-07-11,23.5,21.6,1733.0,25.9,807,11.83,6.1,15.4,25.514285714285716,7,2023,여름,27.506451612903227,2.410520163172063,False,4.299999999999997
108,서울,2023-07-12,25.8,22.0,1.0,29.1,1552,5.17,0.4,0.5,25.7,7,2023,여름,27.506451612903227,2.410520163172063,False,7.100000000000001
108,서울,2023-07-13,25.2,24.7,1215.0,26.5,943,20.67,11.9,35.0,25.400000000000002,7,2023,여름,27.506451612903227,2.410520163172063,False,1.8000000000000007
108,서울,2023-07-14,24.6,23.9,206.0,25.1,1026,24.0,5.5,20.3,25.1,7,2023,여름,27.506451612903227,2.410520163172063,False,1.2000000000000028
108,서울,2023-07-15,24.5,23.7,2358.0,25.7,1211,14.25,0.4,0.6,24.942857142857143,7,2023,여름,27.506451612903227,2.410520163172063,False,2.0
108,서울,2023-07-16,24.6,23.7,1.0,25.4,1745,2.92,9.3,9.6,24.928571428571427,7,2023,여름,27.506451612903227,2.410520163172063,False,1.6999999999999993
108,서울,2023-07-17,25.5,23.7,446.0,27.8,1437,3.75,0.8,1.5,24.814285714285713,7,2023,여름,27.506451612903227,2.410520163172063,False,4.100000000000001
108,서울,2023-07-18,25.2,24.1,527.0,27.7,1721,12.67,0.5,0.8,25.057142857142857,7,2023,여름,27.506451612903227,2.410520163172063,False,3.599999999999998
108,서울,2023-07-19,27.2,22.5,527.0,32.4,1629,0.0,0.0,0.0,25.25714285714286,7,2023,여름,27.506451612903227,2.410520163172063,False,9.899999999999999
108,서울,2023-07-20,27.9,24.0,549.0,32.8,1547,0.0,0.0,0.0,25.642857142857142,7,2023,여름,27.506451612903227,2.410520163172063,False,8.799999999999997
108,서울,2023-07-21,29.5,24.6,554.0,34.3,1628,0.0,0.0,0.0,26.342857142857145,7,2023,여름,27.506451612903227,2.410520163172063,False,9.699999999999996
108,서울,2023-07-22,27.7,24.6,2142.0,32.5,1227,7.08,6.2,10.1,26.8,7,2023,여름,27.506451612903227,2.410520163172063,False,7.899999999999999
108,서울,2023-07-23,25.2,24.5,752.0,25.8,1515,19.0,2.1,9.1,26.885714285714283,7,2023,여름,27.506451612903227,2.410520163172063,False,1.3000000000000007
108,서울,2023-07-24,26.9,24.6,521.0,30.0,1527,2.08,0.3,0.4,27.085714285714285,7,2023,여름,27.506451612903227,2.410520163172063,False,5.399999999999999
108,서울,2023-07-25,27.8,25.8,428.0,30.5,1432,1.75,5.2,5.5,27.457142857142856,7,2023,여름,27.506451612903227,2.410520163172063,False,4.699999999999999
108,서울,2023-07-26,27.6,24.9,606.0,31.1,1539,2.67,0.8,1.0,27.514285714285712,7,2023,여름,27.506451612903227,2.410520163172063,False,6.200000000000003
108,서울,2023-07-27,28.4,24.4,539.0,32.2,1300,0.25,0.0,0.0,27.585714285714285,7,2023,여름,27.506451612903227,2.410520163172063,False,7.800000000000004
108,서울,2023-07-28,29.5,25.4,536.0,34.1,1416,0.0,0.0,0.0,27.585714285714285,7,2023,여름,27.506451612903227,2.410520163172063,False,8.700000000000003
108,서울,2023-07-29,29.1,26.1,442.0,33.3,1527,0.0,0.0,0.0,27.785714285714285,7,2023,여름,27.506451612903227,2.410520163172063,False,7.199999999999996
108,서울,2023-07-30,28.8,24.9,550.0,34.9,1555,3.17,6.1,20.0,28.300000000000004,7,2023,여름,27.506451612903227,2.410520163172063,False,10.0
108,서울,2023-07-31,28.7,25.6,3.0,33.4,1440,0.67,0.3,0.3,28.557142857142857,7,2023,여름,27.506451612903227,2.410520163172063,False,7.799999999999997
108,서울,2023-08-01,29.9,25.5,536.0,34.2,1646,0.0,0.0,0.0,28.857142857142858,8,2023,여름,27.272258064516127,2.5088812502339457,False,8.700000000000003
108,서울,2023-08-02,29.7,26.8,519.0,33.7,1436,0.0,0.0,0.0,29.157142857142855,8,2023,여름,27.272258064516127,2.5088812502339457,False,6.900000000000002
108,서울,2023-08-03,29.5,25.8,615.0,33.8,1446,0.0,0.0,0.0,29.314285714285713,8,2023,여름,27.272258064516127,2.5088812502339457,False,7.9999999999999964
108,서울,2023-08-04,30.0,26.5,520.0,34.4,1634,0.0,0.0,0.0,29.385714285714283,8,2023,여름,27.272258064516127,2.5088812502339457,False,7.899999999999999
108,서울,2023-08-05,30.3,26.4,611.0,34.9,1548,0.0,0.0,0.0,29.557142857142857,8,2023,여름,27.272258064516127,2.5088812502339457,False,8.5
108,서울,2023-08-06,29.8,27.0,1606.0,33.0,1403,1.58,3.7,4.9,29.699999999999996,8,2023,여름,27.272258064516127,2.5088812502339457,False,6.0
108,서울,2023-08-07,30.4,27.3,540.0,34.6,1546,0.0,0.0,0.0,29.942857142857143,8,2023,여름,27.272258064516127,2.5088812502339457,False,7.300000000000001
108,서울,2023-08-08,30.9,26.4,553.0,35.8,1600,0.0,0.0,0.0,30.085714285714285,8,2023,여름,27.272258064516127,2.5088812502339457,False,9.399999999999999
108,서울,2023-08-09,28.3,25.1,2358.0,31.6,1102,1.58,0.2,0.2,29.88571428571429,8,2023,여름,27.272258064516127,2.5088812502339457,False,6.5
108,서울,2023-08-10,22.2,20.9,1954.0,25.1,1,24.0,3.7,13.6,28.842857142857145,8,2023,여름,27.272258064516127,2.5088812502339457,True,4.200000000000003
108,서울,2023-08-11,23.5,21.6,1.0,24.9,1703,21.5,3.4,13.6,27.914285714285715,8,2023,여름,27.272258064516127,2.5088812502339457,False,3.299999999999997
108,서울,2023-08-12,23.3,22.5,2247.0,24.1,1,14.42,0.5,1.2,26.914285714285715,8,2023,여름,27.272258064516127,2.5088812502339457,False,1.6000000000000014
108,서울,2023-08-13,27.0,22.6,1.0,31.1,1745,0.0,0.0,0.0,26.514285714285716,8,2023,여름,27.272258064516127,2.5088812502339457,False,8.5
108,서울,2023-08-14,28.1,24.8,602.0,31.9,1425,0.0,0.0,0.0,26.185714285714287,8,2023,여름,27.272258064516127,2.5088812502339457,False,7.099999999999998
108,서울,2023-08-15,28.6,24.7,612.0,32.7,1503,0.0,0.0,0.0,25.857142857142858,8,2023,여름,27.272258064516127,2.5088812502339457,False,8.000000000000004
108,서울,2023-08-16,27.3,24.7,540.0,31.6,1352,0.92,0.3,0.3,25.714285714285715,8,2023,여름,27.272258064516127,2.5088812502339457,False,6.900000000000002
108,서울,2023-08-17,28.2,24.5,615.0,32.4,1349,0.0,0.0,0.0,26.571428571428573,8,2023,여름,27.272258064516127,2.5088812502339457,False,7.899999999999999
108,서울,2023-08-18,29.1,25.5,547.0,33.3,1413,0.67,0.1,0.1,27.37142857142857,8,2023,여름,27.272258064516127,2.5088812502339457,False,7.799999999999997
108,서울,2023-08-19,29.1,26.4,620.0,33.6,1528,0.0,0.0,0.0,28.2,8,2023,여름,27.272258064516127,2.5088812502339457,False,7.200000000000003
108,서울,2023-08-20,28.3,25.5,459.0,31.8,1348,1.83,0.0,0.0,28.385714285714283,8,2023,여름,27.272258064516127,2.5088812502339457,False,6.300000000000001
108,서울,2023-08-21,29.5,26.0,614.0,33.6,1402,1.17,0.0,0.0,28.585714285714285,8,2023,여름,27.272258064516127,2.5088812502339457,False,7.600000000000001
108,서울,2023-08-22,27.6,25.8,2220.0,32.2,1356,7.75,21.5,29.0,28.442857142857147,8,2023,여름,27.272258064516127,2.5088812502339457,False,6.400000000000002
108,서울,2023-08-23,24.8,23.2,2400.0,27.2,932,17.58,9.7,15.6,28.085714285714285,8,2023,여름,27.272258064516127,2.5088812502339457,False,4.0
108,서울,2023-08-24,25.1,22.3,434.0,27.8,1419,4.33,1.2,4.3,27.642857142857142,8,2023,여름,27.272258064516127,2.5088812502339457,False,5.5
108,서울,2023-08-25,26.5,24.0,555.0,30.0,1618,0.17,0.0,0.0,27.271428571428572,8,2023,여름,27.272258064516127,2.5088812502339457,False,6.0
108,서울,2023-08-26,26.4,23.3,636.0,30.3,1545,0.0,0.0,0.0,26.885714285714283,8,2023,여름,27.272258064516127,2.5088812502339457,False,7.0
108,서울,2023-08-27,26.1,22.7,505.0,29.6,1613,5.67,0.0,0.0,26.571428571428573,8,2023,여름,27.272258064516127,2.5088812502339457,False,6.900000000000002
108,서울,2023-08-28,22.7,20.8,853.0,25.6,1,20.67,0.7,2.9,25.6,8,2023,여름,27.272258064516127,2.5088812502339457,False,4.800000000000001
108,서울,2023-08-29,23.9,22.5,2034.0,25.5,1029,16.92,7.0,27.2,25.071428571428573,8,2023,여름,27.272258064516127,2.5088812502339457,False,3.0
108,서울,2023-08-30,22.8,21.5,2353.0,24.5,1230,10.42,1.4,2.3,24.785714285714285,8,2023,여름,27.272258064516127,2.5088812502339457,False,3.0
108,서울,2023-08-31,23.9,21.0,547.0,28.9,1534,0.0,0.0,0.0,24.614285714285717,8,2023,여름,27.272258064516127,2.5088812502339457,False,7.899999999999999
108,서울,2023-09-01,24.5,19.7,610.0,29.6,1543,0.0,0.0,0.0,24.32857142857143,9,2023,가을,23.509333333333334,2.6126524018144712,False,9.900000000000002
108,서울,2023-09-02,25.4,19.7,639.0,30.8,1536,0.0,0.0,0.0,24.185714285714287,9,2023,가을,23.509333333333334,2.6126524018144712,False,11.100000000000001
108,서울,2023-09-03,25.8,23.1,749.0,28.8,1414,2.75,0.1,0.1,24.142857142857142,9,2023,가을,23.509333333333334,2.6126524018144712,False,5.699999999999999
108,서울,2023-09-04,27.0,24.3,625.0,30.2,1607,2.5,0.1,0.2,24.757142857142856,9,2023,가을,23.509333333333334,2.6126524018144712,False,5.899999999999999
108,서울,2023-09-05,28.5,25.0,707.0,32.8,1440,0.17,0.0,0.0,25.41428571428571,9,2023,가을,23.509333333333334,2.6126524018144712,False,7.799999999999997
108,서울,2023-09-06,27.9,24.0,635.0,32.1,1550,0.0,0.0,0.0,26.142857142857142,9,2023,가을,23.509333333333334,2.6126524018144712,False,8.100000000000001
108,서울,2023-09-07,26.3,20.9,643.0,31.6,1501,0.0,0.0,0.0,26.485714285714288,9,2023,가을,23.509333333333334,2.6126524018144712,False,10.700000000000003
108,서울,2023-09-08,25.3,19.6,622.0,30.5,1432,0.0,0.0,0.0,26.599999999999998,9,2023,가을,23.509333333333334,2.6126524018144712,False,10.899999999999999
108,서울,2023-09-09,25.8,20.8,627.0,31.2,1555,0.0,0.0,0.0,26.657142857142855,9,2023,가을,23.509333333333334,2.6126524018144712,False,10.399999999999999
108,서울,2023-09-10,25.7,22.0,616.0,29.6,1445,0.0,0.0,0.0,26.642857142857142,9,2023,가을,23.509333333333334,2.6126524018144712,False,7.600000000000001
108,서울,2023-09-11,25.5,23.1,617.0,29.8,1533,0.0,0.0,0.0,26.428571428571427,9,2023,가을,23.509333333333334,2.6126524018144712,False,6.699999999999999
108,서울,2023-09-12,25.7,21.7,642.0,29.8,1419,0.0,0.0,0.0,26.028571428571432,9,2023,가을,23.509333333333334,2.6126524018144712,False,8.100000000000001
108,서울,2023-09-13,22.1,19.6,2112.0,24.6,1,15.75,0.8,2.9,25.2,9,2023,가을,23.509333333333334,2.6126524018144712,False,5.0
108,서울,2023-09-14,23.4,19.2,610.0,27.2,1148,0.0,0.0,0.0,24.785714285714285,9,2023,가을,23.509333333333334,2.6126524018144712,False,8.0
108,서울,2023-09-15,22.3,20.3,709.0,24.3,1544,12.17,0.4,0.9,24.357142857142858,9,2023,가을,23.509333333333334,2.6126524018144712,False,4.0
108,서울,2023-09-16,23.9,22.0,233.0,26.6,1442,9.75,8.1,28.0,24.085714285714285,9,2023,가을,23.509333333333334,2.6126524018144712,False,4.600000000000001
108,서울,2023-09-17,24.7,22.0,416.0,28.0,1524,2.08,1.8,11.4,23.942857142857143,9,2023,가을,23.509333333333334,2.6126524018144712,False,6.0
108,서울,2023-09-18,24.7,22.1,616.0,28.9,1238,0.0,0.0,0.0,23.82857142857143,9,2023,가을,23.509333333333334,2.6126524018144712,False,6.799999999999997
108,서울,2023-09-19,24.1,21.6,555.0,27.2,1317,0.0,0.0,0.0,23.599999999999998,9,2023,가을,23.509333333333334,2.6126524018144712,False,5.599999999999998
108,서울,2023-09-20,20.6,18.8,2351.0,23.9,1,18.83,2.4,9.6,23.385714285714283,9,2023,가을,23.509333333333334,2.6126524018144712,False,5.099999999999998
108,서울,2023-09-21,20.1,17.5,2349.0,23.6,1442,0.83,0.0,0.0,22.91428571428571,9,2023,가을,23.509333333333334,2.6126524018144712,False,6.100000000000001
108,서울,2023-09-22,20.5,15.2,626.0,26.7,1511,0.0,0.0,0.0,22.657142857142862,9,2023,가을,23.509333333333334,2.6126524018144712,False,11.5
108,서울,2023-09-23,21.8,16.3,643.0,27.6,1418,0.0,0.0,0.0,22.357142857142858,9,2023,가을,23.509333333333334,2.6126524018144712,False,11.3
108,서울,2023-09-24,21.8,17.9,635.0,26.2,1440,0.0,0.0,0.0,21.942857142857147,9,2023,가을,23.509333333333334,2.6126524018144712,False,8.3
108,서울,2023-09-25,21.6,17.9,450.0,26.0,1327,8.08,0.3,1.0,21.5,9,2023,가을,23.509333333333334,2.6126524018144712,False,8.100000000000001
108,서울,2023-09-26,19.9,18.6,510.0,20.8,1355,24.0,1.8,6.1,20.900000000000002,9,2023,가을,23.509333333333334,2.6126524018144712,False,2.1999999999999993
108,서울,2023-09-27,21.5,20.0,632.0,23.7,1433,11.75,0.4,1.4,21.028571428571432,9,2023,가을,23.509333333333334,2.6126524018144712,False,3.6999999999999993
108,서울,2023-09-28,22.7,19.6,634.0,27.3,1422,0.0,0.0,0.0,21.400000000000002,9,2023,가을,23.509333333333334,2.6126524018144712,False,7.699999999999999
108,서울,2023-09-29,21.1,17.4,634.0,26.9,1444,0.0,0.0,0.0,21.485714285714288,9,2023,가을,23.509333333333334,2.6126524018144712,False,9.5
108,서울,2023-09-30,19.7,17.1,2359.0,22.2,1659,6.83,2.9,4.2,21.185714285714283,9,2023,가을,23.509333333333334,2.6126524018144712,False,5.099999999999998
108,서울,2023-10-01,18.4,14.4,652.0,23.7,1511,0.0,0.0,0.0,20.7,10,2023,가을,15.81225806451613,3.450208641985292,False,9.299999999999999
108,서울,2023-10-02,18.2,12.9,657.0,24.6,1538,0.0,0.0,0.0,20.214285714285715,10,2023,가을,15.81225806451613,3.450208641985292,False,11.700000000000001
108,서울,2023-10-03,17.5,14.4,250.0,22.5,1521,0.0,0.0,0.0,19.87142857142857,10,2023,가을,15.81225806451613,3.450208641985292,False,8.1
108,서울,2023-10-04,17.3,14.2,647.0,23.2,1257,2.83,2.8,11.7,19.27142857142857,10,2023,가을,15.81225806451613,3.450208641985292,False,9.0
108,서울,2023-10-05,14.2,9.9,640.0,19.2,1556,0.0,0.0,0.0,18.057142857142857,10,2023,가을,15.81225806451613,3.450208641985292,False,9.299999999999999
108,서울,2023-10-06,15.5,9.6,641.0,21.5,1447,0.0,0.0,0.0,17.257142857142856,10,2023,가을,15.81225806451613,3.450208641985292,False,11.9
108,서울,2023-10-07,16.8,11.7,630.0,21.2,1543,0.0,0.0,0.0,16.84285714285714,10,2023,가을,15.81225806451613,3.450208641985292,False,9.5
108,서울,2023-10-08,17.1,15.2,531.0,19.5,1555,2.08,0.0,0.0,16.657142857142855,10,2023,가을,15.81225806451613,3.450208641985292,False,4.300000000000001
108,서울,2023-10-09,17.4,14.1,2359.0,22.4,1526,4.92,0.7,0.7,16.54285714285714,10,2023,가을,15.81225806451613,3.450208641985292,False,8.299999999999999
108,서울,2023-10-10,17.1,11.9,617.0,23.5,1523,0.0,0.0,0.0,16.485714285714288,10,2023,가을,15.81225806451613,3.450208641985292,False,11.6
108,서울,2023-10-11,17.6,12.9,719.0,24.0,1529,0.0,0.0,0.0,16.52857142857143,10,2023,가을,15.81225806451613,3.450208641985292,False,11.1
108,서울,2023-10-12,17.5,12.0,642.0,24.1,1325,0.0,0.0,0.0,17.0,10,2023,가을,15.81225806451613,3.450208641985292,False,12.100000000000001
108,서울,2023-10-13,17.5,14.3,613.0,21.5,1236,0.0,0.0,0.0,17.285714285714285,10,2023,가을,15.81225806451613,3.450208641985292,False,7.199999999999999
108,서울,2023-10-14,14.7,12.9,2356.0,18.2,1537,6.25,1.0,2.2,16.985714285714288,10,2023,가을,15.81225806451613,3.450208641985292,False,5.299999999999999
108,서울,2023-10-15,16.1,10.9,636.0,21.2,1533,0.0,0.0,0.0,16.842857142857145,10,2023,가을,15.81225806451613,3.450208641985292,False,10.299999999999999
108,서울,2023-10-16,14.7,10.7,2354.0,19.6,1403,0.0,0.0,0.0,16.45714285714286,10,2023,가을,15.81225806451613,3.450208641985292,False,8.900000000000002
108,서울,2023-10-17,13.8,7.5,652.0,20.9,1533,0.0,0.0,0.0,15.985714285714284,10,2023,가을,15.81225806451613,3.450208641985292,False,13.399999999999999
108,서울,2023-10-18,15.7,9.2,706.0,21.6,1457,0.0,0.0,0.0,15.714285714285714,10,2023,가을,15.81225806451613,3.450208641985292,False,12.400000000000002
108,서울,2023-10-19,17.0,14.9,2354.0,18.9,1450,4.5,4.1,7.5,15.642857142857142,10,2023,가을,15.81225806451613,3.450208641985292,False,3.9999999999999982
108,서울,2023-10-20,11.6,7.2,2352.0,15.1,1357,0.0,0.0,0.0,14.799999999999999,10,2023,가을,15.81225806451613,3.450208641985292,False,7.8999999999999995
108,서울,2023-10-21,10.4,5.9,409.0,16.6,1446,1.17,0.7,1.1,14.185714285714285,10,2023,가을,15.81225806451613,3.450208641985292,False,10.700000000000001
108,서울,2023-10-22,12.5,5.4,712.0,18.7,1451,0.0,0.0,0.0,13.671428571428573,10,2023,가을,15.81225806451613,3.450208641985292,False,13.299999999999999
108,서울,2023-10-23,15.2,11.1,701.0,21.4,1437,0.0,0.0,0.0,13.742857142857144,10,2023,가을,15.81225806451613,3.450208641985292,False,10.299999999999999
108,서울,2023-10-24,15.6,11.2,557.0,19.3,1156,0.0,0.0,0.0,14.0,10,2023,가을,15.81225806451613,3.450208641985292,False,8.100000000000001
108,서울,2023-10-25,16.6,12.7,709.0,21.9,1436,0.0,0.0,0.0,14.12857142857143,10,2023,가을,15.81225806451613,3.450208641985292,False,9.2
108,서울,2023-10-26,17.2,14.6,2337.0,21.1,1346,2.75,0.0,0.0,14.157142857142857,10,2023,가을,15.81225806451613,3.450208641985292,False,6.500000000000002
108,서울,2023-10-27,15.7,12.6,2357.0,20.2,1457,0.0,0.0,0.0,14.742857142857144,10,2023,가을,15.81225806451613,3.450208641985292,False,7.6
108,서울,2023-10-28,14.2,9.4,717.0,20.7,1417,0.0,0.0,0.0,15.285714285714286,10,2023,가을,15.81225806451613,3.450208641985292,False,11.299999999999999
108,서울,2023-10-29,14.9,9.8,656.0,21.8,1407,0.0,0.0,0.0,15.628571428571428,10,2023,가을,15.81225806451613,3.450208641985292,False,12.0
108,서울,2023-10-30,15.1,9.7,657.0,21.9,1442,0.0,0.0,0.0,15.614285714285714,10,2023,가을,15.81225806451613,3.450208641985292,False,12.2
108,서울,2023-10-31,16.5,12.7,204.0,20.8,1427,0.0,0.0,0.0,15.742857142857144,10,2023,가을,15.81225806451613,3.450208641985292,False,8.100000000000001
108,서울,2023-11-01,19.0,17.2,452.0,20.6,1504,0.83,0.0,0.0,16.085714285714285,11,2023,가을,8.728,5.004067070725786,True,3.400000000000002
108,서울,2023-11-02,20.8,18.7,2305.0,25.9,1442,0.0,0.0,0.0,16.6,11,2023,가을,8.728,5.004067070725786,True,7.199999999999999
108,서울,2023-11-03,19.5,17.7,2341.0,22.4,1225,2.75,0.0,0.0,17.142857142857142,11,2023,가을,8.728,5.004067070725786,True,4.699999999999999
108,서울,2023-11-04,17.4,14.1,724.0,20.9,1459,0.0,0.0,0.0,17.599999999999998,11,2023,가을,8.728,5.004067070725786,False,6.799999999999999
108,서울,2023-11-05,17.3,15.1,738.0,20.4,1917,13.17,0.0,0.0,17.942857142857143,11,2023,가을,8.728,5.004067070725786,False,5.299999999999999
108,서울,2023-11-06,13.3,6.6,2333.0,19.3,352,20.25,0.0,0.0,17.685714285714287,11,2023,가을,8.728,5.004067070725786,False,12.700000000000001
108,서울,2023-11-07,5.8,3.6,810.0,9.9,1504,0.25,0.0,0.0,16.157142857142855,11,2023,가을,8.728,5.004067070725786,False,6.300000000000001
108,서울,2023-11-08,8.4,1.8,709.0,16.1,1503,0.0,0.0,0.0,14.642857142857142,11,2023,가을,8.728,5.004067070725786,False,14.3
108,서울,2023-11-09,11.4,5.9,642.0,18.4,1445,2.08,0.0,0.0,13.299999999999999,11,2023,가을,8.728,5.004067070725786,False,12.499999999999998
108,서울,2023-11-10,3.4,0.5,2356.0,9.1,1,0.0,0.0,0.0,11.0,11,2023,가을,8.728,5.004067070725786,False,8.6
108,서울,2023-11-11,1.7,-1.9,709.0,6.7,1517,0.0,0.0,0.0,8.757142857142858,11,2023,가을,8.728,5.004067070725786,False,8.6
108,서울,2023-11-12,1.2,-2.0,730.0,5.7,1515,0.0,0.0,0.0,6.457142857142856,11,2023,가을,8.728,5.004067070725786,False,7.7
108,서울,2023-11-13,2.0,-2.2,708.0,6.7,1446,0.0,0.0,0.0,4.8428571428571425,11,2023,가을,8.728,5.004067070725786,False,8.9
108,서울,2023-11-14,5.0,-0.8,732.0,10.8,1520,0.0,0.0,0.0,4.728571428571429,11,2023,가을,8.728,5.004067070725786,False,11.600000000000001
108,서울,2023-11-15,7.0,2.0,706.0,12.5,1326,0.0,0.0,0.0,4.5285714285714285,11,2023,가을,8.728,5.004067070725786,False,10.5
108,서울,2023-11-16,6.6,5.7,2342.0,7.4,1525,11.25,0.0,0.0,3.8428571428571425,11,2023,가을,8.728,5.004067070725786,False,1.7000000000000002
108,서울,2023-11-17,1.6,-1.9,2359.0,5.9,45,1.92,0.0,0.0,3.5857142857142854,11,2023,가을,8.728,5.004067070725786,False,7.800000000000001
108,서울,2023-11-18,0.6,-3.8,720.0,5.7,1505,0.0,0.0,0.0,3.4285714285714284,11,2023,가을,8.728,5.004067070725786,False,9.5
108,서울,2023-11-19,5.9,-0.3,154.0,13.4,1424,0.0,0.0,0.0,4.1000000000000005,11,2023,가을,8.728,5.004067070725786,False,13.700000000000001
108,서울,2023-11-20,6.2,1.8,710.0,12.8,1511,0.0,0.0,0.0,4.7,11,2023,가을,8.728,5.004067070725786,False,11.0
108,서울,2023-11-21,7.4,1.4,714.0,14.8,1521,0.0,0.0,0.0,5.042857142857144,11,2023,가을,8.728,5.004067070725786,False,13.4
108,서울,2023-11-22,9.5,2.9,704.0,15.1,1458,0.0,0.0,0.0,5.3999999999999995,11,2023,가을,8.728,5.004067070725786,False,12.2
108,서울,2023-11-23,9.9,1.9,2358.0,14.6,1349,2.75,0.0,0.0,5.871428571428572,11,2023,가을,8.728,5.004067070725786,False,12.7
108,서울,2023-11-24,-1.5,-4.4,2356.0,2.2,1353,0.0,0.0,0.0,5.428571428571429,11,2023,가을,8.728,5.004067070725786,True,6.6000000000000005
108,서울,2023-11-25,-1.3,-5.9,723.0,4.0,1440,0.0,0.0,0.0,5.1571428571428575,11,2023,가을,8.728,5.004067070725786,True,9.9
108,서울,2023-11-26,4.0,-0.1,32.0,7.2,1449,1.67,0.0,0.0,4.885714285714285,11,2023,가을,8.728,5.004067070725786,False,7.3
108,서울,2023-11-27,6.2,4.4,419.0,9.3,1553,12.83,0.0,0.0,4.885714285714286,11,2023,가을,8.728,5.004067070725786,False,4.9
108,서울,2023-11-28,1.3,-1.2,2354.0,5.2,1,0.0,0.0,0.0,4.014285714285714,11,2023,가을,8.728,5.004067070725786,False,6.4
108,서울,2023-11-29,-1.4,-4.0,2354.0,3.0,1422,0.0,0.0,0.0,2.457142857142857,11,2023,가을,8.728,5.004067070725786,True,7.0
108,서울,2023-11-30,-4.3,-7.3,721.0,-0.5,1444,0.0,0.0,0.0,0.4285714285714287,11,2023,가을,8.728,5.004067070725786,True,6.8
108,서울,2023-12-01,-3.2,-6.8,646.0,0.7,1544,0.0,0.0,0.0,0.1857142857142858,12,2023,겨울,0.19354838709677422,4.998424133734095,False,7.5
108,서울,2023-12-02,2.0,-4.4,327.0,8.0,1516,1.47,0.0,0.0,0.6571428571428573,12,2023,겨울,0.19354838709677422,4.998424133734095,False,12.4
108,서울,2023-12-03,0.8,-2.8,700.0,6.0,1430,0.0,0.0,0.0,0.2000000000000001,12,2023,겨울,0.19354838709677422,4.998424133734095,False,8.8
108,서울,2023-12-04,2.7,-3.0,750.0,9.4,1532,0.0,0.0,0.0,-0.29999999999999993,12,2023,겨울,0.19354838709677422,4.998424133734095,False,12.4
108,서울,2023-12-05,6.8,3.8,1.0,12.6,1518,0.0,0.0,0.0,0.48571428571428577,12,2023,겨울,0.19354838709677422,4.998424133734095,False,8.8
108,서울,2023-12-06,6.1,3.9,358.0,8.7,1848,2.33,0.0,0.0,1.557142857142857,12,2023,겨울,0.19354838709677422,4.998424133734095,False,4.799999999999999
108,서울,2023-12-07,6.6,0.8,709.0,11.4,1408,0.0,0.0,0.0,3.1142857142857143,12,2023,겨울,0.19354838709677422,4.998424133734095,False,10.6
108,서울,2023-12-08,11.2,5.1,333.0,16.8,1434,0.0,0.0,0.0,5.171428571428572,12,2023,겨울,0.19354838709677422,4.998424133734095,True,11.700000000000001
108,서울,2023-12-09,13.7,11.7,2346.0,16.2,1413,0.0,0.0,0.0,6.8428571428571425,12,2023,겨울,0.19354838709677422,4.998424133734095,True,4.5
108,서울,2023-12-10,11.4,6.7,801.0,15.5,1448,0.08,0.0,0.0,8.357142857142858,12,2023,겨울,0.19354838709677422,4.998424133734095,True,8.8
108,서울,2023-12-11,8.9,5.0,2314.0,12.3,4,24.0,0.0,0.0,9.242857142857144,12,2023,겨울,0.19354838709677422,4.998424133734095,False,7.300000000000001
108,서울,2023-12-12,5.4,3.5,2334.0,9.3,1536,4.75,0.0,0.0,9.042857142857143,12,2023,겨울,0.19354838709677422,4.998424133734095,False,5.800000000000001
108,서울,2023-12-13,6.8,2.6,419.0,10.3,1459,0.0,0.0,0.0,9.142857142857142,12,2023,겨울,0.19354838709677422,4.998424133734095,False,7.700000000000001
108,서울,2023-12-14,7.6,6.2,2315.0,9.1,127,17.17,0.0,0.0,9.285714285714286,12,2023,겨울,0.19354838709677422,4.998424133734095,False,2.8999999999999995
108,서울,2023-12-15,4.9,3.7,2359.0,6.2,1,21.0,0.0,0.0,8.385714285714284,12,2023,겨울,0.19354838709677422,4.998424133734095,False,2.5
108,서울,2023-12-16,-4.1,-9.9,2400.0,3.8,1,13.08,0.0,0.0,5.8428571428571425,12,2023,겨울,0.19354838709677422,4.998424133734095,False,13.7
108,서울,2023-12-17,-9.8,-12.4,758.0,-6.4,1452,0.0,0.0,0.0,2.8142857142857145,12,2023,겨울,0.19354838709677422,4.998424133734095,False,6.0
108,서울,2023-12-18,-7.7,-12.2,511.0,-3.6,1358,0.0,0.0,0.0,0.44285714285714295,12,2023,겨울,0.19354838709677422,4.998424133734095,False,8.6
108,서울,2023-12-19,-3.7,-8.2,548.0,0.2,1402,10.08,0.0,0.0,-0.8571428571428571,12,2023,겨울,0.19354838709677422,4.998424133734095,False,8.399999999999999
108,서울,2023-12-20,-7.4,-11.9,2359.0,-2.1,1,2.5,0.0,0.0,-2.885714285714286,12,2023,겨울,0.19354838709677422,4.998424133734095,False,9.8
108,서울,2023-12-21,-11.7,-14.4,705.0,-8.0,1515,0.0,0.0,0.0,-5.642857142857143,12,2023,겨울,0.19354838709677422,4.998424133734095,True,6.4
108,서울,2023-12-22,-11.6,-14.7,732.0,-8.0,1425,0.0,0.0,0.0,-8.0,12,2023,겨울,0.19354838709677422,4.998424133734095,True,6.699999999999999
108,서울,2023-12-23,-6.8,-12.7,511.0,-0.9,1547,0.0,0.0,0.0,-8.385714285714286,12,2023,겨울,0.19354838709677422,4.998424133734095,False,11.799999999999999
108,서울,2023-12-24,-2.2,-5.6,622.0,3.0,1440,7.42,0.0,0.0,-7.299999999999999,12,2023,겨울,0.19354838709677422,4.998424133734095,False,8.6
108,서울,2023-12-25,-0.7,-2.7,2315.0,2.1,1604,11.33,0.0,0.0,-6.299999999999999,12,2023,겨울,0.19354838709677422,4.998424133734095,False,4.800000000000001
108,서울,2023-12-26,1.9,-2.6,1.0,7.2,1452,0.0,0.0,0.0,-5.5,12,2023,겨울,0.19354838709677422,4.998424133734095,False,9.8
108,서울,2023-12-27,1.5,-2.8,813.0,6.8,1549,0.0,0.0,0.0,-4.228571428571429,12,2023,겨울,0.19354838709677422,4.998424133734095,False,9.6
108,서울,2023-12-28,1.2,-1.7,620.0,4.4,1453,0.0,0.0,0.0,-2.3857142857142857,12,2023,겨울,0.19354838709677422,4.998424133734095,False,6.1000000000000005
108,서울,2023-12-29,1.3,-1.5,725.0,4.6,1438,0.0,0.0,0.0,-0.5428571428571426,12,2023,겨울,0.19354838709677422,4.998424133734095,False,6.1
108,서울,2023-12-30,0.6,-0.9,237.0,2.1,2354,16.67,0.0,0.0,0.5142857142857145,12,2023,겨울,0.19354838709677422,4.998424133734095,False,3.0
108,서울,2023-12-31,2.1,0.6,2343.0,4.3,1550,9.83,0.0,0.0,1.1285714285714288,12,2023,겨울,0.19354838709677422,4.998424133734095,False,3.6999999999999997
108,서울,2024-01-01,3.3,-0.3,402.0,7.3,1255,2.92,0.0,0.0,1.7,1,2024,겨울,-1.401290322580645,4.526157555848039,False,7.6
108,서울,2024-01-02,2.9,2.2,622.0,4.3,1409,1.58,0.0,0.0,1.8428571428571432,1,2024,겨울,-1.401290322580645,4.526157555848039,False,2.0999999999999996
108,서울,2024-01-03,1.8,-1.1,2350.0,4.0,1320,6.25,0.0,0.0,1.8857142857142861,1,2024,겨울,-1.401290322580645,4.526157555848039,False,5.1
108,서울,2024-01-04,1.4,-3.3,715.0,4.7,1556,0.0,0.0,0.0,1.9142857142857144,1,2024,겨울,-1.401290322580645,4.526157555848039,False,8.0
108,서울,2024-01-05,5.0,1.4,2356.0,9.1,1439,0.42,0.0,0.0,2.442857142857143,1,2024,겨울,-1.401290322580645,4.526157555848039,False,7.699999999999999
108,서울,2024-01-06,0.7,-2.7,819.0,5.2,1444,3.08,0.0,0.0,2.457142857142857,1,2024,겨울,-1.401290322580645,4.526157555848039,False,7.9
108,서울,2024-01-07,-4.4,-8.3,2312.0,-0.9,1,0.0,0.0,0.0,1.5285714285714287,1,2024,겨울,-1.401290322580645,4.526157555848039,False,7.4
108,서울,2024-01-08,-4.7,-10.3,619.0,0.0,1441,0.0,0.0,0.0,0.385714285714286,1,2024,겨울,-1.401290322580645,4.526157555848039,False,10.3
108,서울,2024-01-09,-0.6,-1.9,1.0,0.4,2239,13.17,0.0,0.0,-0.11428571428571406,1,2024,겨울,-1.401290322580645,4.526157555848039,False,2.3
108,서울,2024-01-10,-1.0,-4.1,632.0,3.3,1542,0.0,0.0,0.0,-0.514285714285714,1,2024,겨울,-1.401290322580645,4.526157555848039,False,7.3999999999999995
108,서울,2024-01-11,1.7,-2.4,618.0,4.5,1607,0.0,0.0,0.0,-0.47142857142857114,1,2024,겨울,-1.401290322580645,4.526157555848039,False,6.9
108,서울,2024-01-12,0.9,-1.4,2351.0,4.2,1546,0.0,0.0,0.0,-1.0571428571428567,1,2024,겨울,-1.401290322580645,4.526157555848039,False,5.6
108,서울,2024-01-13,0.4,-3.8,800.0,6.4,1519,0.0,0.0,0.0,-1.0999999999999996,1,2024,겨울,-1.401290322580645,4.526157555848039,False,10.2
108,서울,2024-01-14,-0.6,-3.3,2400.0,2.4,1613,3.67,0.0,0.0,-0.5571428571428568,1,2024,겨울,-1.401290322580645,4.526157555848039,False,5.699999999999999
108,서울,2024-01-15,-3.7,-6.9,735.0,0.9,1547,0.0,0.0,0.0,-0.41428571428571404,1,2024,겨울,-1.401290322580645,4.526157555848039,False,7.800000000000001
108,서울,2024-01-16,-2.1,-7.2,814.0,4.3,1516,0.0,0.0,0.0,-0.6285714285714283,1,2024,겨울,-1.401290322580645,4.526157555848039,False,11.5
108,서울,2024-01-17,0.6,-2.3,103.0,1.9,2140,13.17,0.0,0.0,-0.39999999999999974,1,2024,겨울,-1.401290322580645,4.526157555848039,False,4.199999999999999
108,서울,2024-01-18,4.5,1.4,751.0,9.4,1606,2.58,0.0,0.0,2.5376526277146434e-16,1,2024,겨울,-1.401290322580645,4.526157555848039,False,8.0
108,서울,2024-01-19,5.4,4.0,2051.0,9.0,1436,0.0,0.0,0.0,0.6428571428571431,1,2024,겨울,-1.401290322580645,4.526157555848039,False,5.0
108,서울,2024-01-20,3.4,1.9,1914.0,4.9,1306,11.17,0.0,0.0,1.0714285714285716,1,2024,겨울,-1.401290322580645,4.526157555848039,False,3.0000000000000004
108,서울,2024-01-21,1.7,-2.4,2352.0,4.3,1206,8.58,0.0,0.0,1.4000000000000001,1,2024,겨울,-1.401290322580645,4.526157555848039,False,6.699999999999999
108,서울,2024-01-22,-8.7,-11.9,2349.0,-2.4,1,8.83,0.0,0.0,0.685714285714286,1,2024,겨울,-1.401290322580645,4.526157555848039,False,9.5
108,서울,2024-01-23,-11.7,-14.0,729.0,-8.2,1525,0.0,0.0,0.0,-0.6857142857142853,1,2024,겨울,-1.401290322580645,4.526157555848039,True,5.800000000000001
108,서울,2024-01-24,-8.0,-11.2,36.0,-3.7,1600,0.0,0.0,0.0,-1.914285714285714,1,2024,겨울,-1.401290322580645,4.526157555848039,False,7.499999999999999
108,서울,2024-01-25,-5.3,-9.7,640.0,-0.5,1532,0.0,0.0,0.0,-3.314285714285714,1,2024,겨울,-1.401290322580645,4.526157555848039,False,9.2
108,서울,2024-01-26,-1.7,-6.9,725.0,4.0,1544,0.0,0.0,0.0,-4.328571428571428,1,2024,겨울,-1.401290322580645,4.526157555848039,False,10.9
108,서울,2024-01-27,-0.5,-4.6,801.0,4.6,1503,0.0,0.0,0.0,-4.885714285714285,1,2024,겨울,-1.401290322580645,4.526157555848039,False,9.2
108,서울,2024-01-28,-1.5,-5.0,753.0,3.8,1524,0.0,0.0,0.0,-5.3428571428571425,1,2024,겨울,-1.401290322580645,4.526157555848039,False,8.8
108,서울,2024-01-29,-0.4,-4.8,718.0,4.6,1440,0.0,0.0,0.0,-4.157142857142857,1,2024,겨울,-1.401290322580645,4.526157555848039,False,9.399999999999999
108,서울,2024-01-30,1.4,-4.0,738.0,8.1,1559,0.0,0.0,0.0,-2.2857142857142856,1,2024,겨울,-1.401290322580645,4.526157555848039,False,12.1
108,서울,2024-01-31,4.7,0.7,1.0,10.6,1447,0.0,0.0,0.0,-0.47142857142857114,1,2024,겨울,-1.401290322580645,4.526157555848039,False,9.9
108,서울,2024-02-01,2.4,-1.3,717.0,8.2,1543,0.0,0.0,0.0,0.6285714285714289,2,2024,겨울,1.3283687943262412,4.435495241170688,False,9.5
108,서울,2024-02-02,3.1,0.7,2355.0,7.9,1352,0.0,0.0,0.0,1.3142857142857147,2,2024,겨울,1.3283687943262412,4.435495241170688,False,7.2
108,서울,2024-02-03,4.7,-0.2,208.0,8.3,1430,1.83,0.0,0.0,2.0571428571428574,2,2024,겨울,1.3283687943262412,4.435495241170688,False,8.5
108,서울,2024-02-04,7.3,3.7,704.0,12.2,1411,0.0,0.0,0.0,3.3142857142857145,2,2024,겨울,1.3283687943262412,4.435495241170688,False,8.5
108,서울,2024-02-05,2.7,0.1,2113.0,6.6,1,21.0,0.0,0.0,3.757142857142857,2,2024,겨울,1.3283687943262412,4.435495241170688,False,6.5
108,서울,2024-02-06,1.2,0.0,135.0,2.9,1224,7.83,0.0,0.0,3.7285714285714286,2,2024,겨울,1.3283687943262412,4.435495241170688,False,2.9
108,서울,2024-02-07,0.6,-0.9,700.0,2.7,1435,3.25,0.0,0.0,3.1428571428571432,2,2024,겨울,1.3283687943262412,4.435495241170688,False,3.6
108,서울,2024-02-08,0.6,-3.0,716.0,6.2,1532,0.0,0.0,0.0,2.8857142857142857,2,2024,겨울,1.3283687943262412,4.435495241170688,False,9.2
108,서울,2024-02-09,1.1,-2.5,731.0,6.1,1428,0.0,0.0,0.0,2.6000000000000005,2,2024,겨울,1.3283687943262412,4.435495241170688,False,8.6
108,서울,2024-02-10,1.7,-1.5,542.0,7.4,1437,0.0,0.0,0.0,2.1714285714285717,2,2024,겨울,1.3283687943262412,4.435495241170688,False,8.9
108,서울,2024-02-11,1.0,-3.1,738.0,5.5,1356,1.5,0.0,0.0,1.2714285714285718,2,2024,겨울,1.3283687943262412,4.435495241170688,False,8.6
108,서울,2024-02-12,3.5,-2.9,713.0,10.5,1601,0.0,0.0,0.0,1.3857142857142861,2,2024,겨울,1.3283687943262412,4.435495241170688,False,13.4
108,서울,2024-02-13,8.2,2.0,615.0,13.7,1441,0.0,0.0,0.0,2.385714285714286,2,2024,겨울,1.3283687943262412,4.435495241170688,False,11.7
108,서울,2024-02-14,12.9,8.8,1.0,18.3,1448,0.0,0.0,0.0,4.142857142857143,2,2024,겨울,1.3283687943262412,4.435495241170688,True,9.5
108,서울,2024-02-15,4.5,0.6,2357.0,11.6,1,13.33,0.0,0.0,4.700000000000001,2,2024,겨울,1.3283687943262412,4.435495241170688,False,11.0
108,서울,2024-02-16,2.3,-1.5,643.0,8.1,1540,0.0,0.0,0.0,4.871428571428572,2,2024,겨울,1.3283687943262412,4.435495241170688,False,9.6
108,서울,2024-02-17,4.4,-1.2,745.0,11.7,1525,0.0,0.0,0.0,5.257142857142857,2,2024,겨울,1.3283687943262412,4.435495241170688,False,12.899999999999999
108,서울,2024-02-18,6.2,1.2,717.0,9.4,2357,10.08,0.0,0.0,6.0,2,2024,겨울,1.3283687943262412,4.435495241170688,False,8.200000000000001
108,서울,2024-02-19,9.1,4.2,2348.0,11.9,1028,19.5,0.0,0.0,6.8,2,2024,겨울,1.3283687943262412,4.435495241170688,False,7.7
108,서울,2024-02-20,4.3,2.8,506.0,6.8,1432,10.08,0.0,0.0,6.242857142857143,2,2024,겨울,1.3283687943262412,4.435495241170688,False,4.0
108,서울,2024-02-21,1.9,0.0,2349.0,4.0,101,24.0,0.0,0.0,4.671428571428572,2,2024,겨울,1.3283687943262412,4.435495241170688,False,4.0
108,서울,2024-02-22,0.2,-1.1,653.0,1.6,1325,17.17,0.0,0.0,4.057142857142858,2,2024,겨울,1.3283687943262412,4.435495241170688,False,2.7
108,서울,2024-02-23,1.8,-1.0,702.0,6.1,1458,3.83,0.0,0.0,3.9857142857142867,2,2024,겨울,1.3283687943262412,4.435495241170688,False,7.1
108,서울,2024-02-24,2.0,-1.3,657.0,5.9,1418,6.75,0.0,0.0,3.6428571428571432,2,2024,겨울,1.3283687943262412,4.435495241170688,False,7.2
108,서울,2024-02-25,2.8,0.8,602.0,5.9,1549,10.42,0.0,0.0,3.1571428571428575,2,2024,겨울,1.3283687943262412,4.435495241170688,False,5.1000000000000005
108,서울,2024-02-26,3.8,-1.2,656.0,9.7,1414,0.0,0.0,0.0,2.400000000000001,2,2024,겨울,1.3283687943262412,4.435495241170688,False,10.899999999999999
108,서울,2024-02-27,5.3,1.2,607.0,9.8,1510,0.0,0.0,0.0,2.5428571428571436,2,2024,겨울,1.3283687943262412,4.435495241170688,False,8.600000000000001
108,서울,2024-02-28,6.4,3.2,712.0,10.1,1509,0.0,0.0,0.0,3.1857142857142864,2,2024,겨울,1.3283687943262412,4.435495241170688,False,6.8999999999999995
108,서울,2024-02-29,4.8,0.3,2400.0,9.6,1539,0.0,0.0,0.0,3.842857142857144,2,2024,겨울,1.3283687943262412,4.435495241170688,False,9.299999999999999
108,서울,2024-03-01,-4.1,-7.1,2355.0,0.3,1,0.0,0.0,0.0,3.0000000000000004,3,2024,봄,8.282580645161291,3.7498943428768534,True,7.3999999999999995
108,서울,2024-03-02,-0.5,-8.1,253.0,4.1,2356,2.0,0.0,0.0,2.6428571428571432,3,2024,봄,8.282580645161291,3.7498943428768534,True,12.2
108,서울,2024-03-03,4.0,0.4,724.0,7.8,1335,0.0,0.0,0.0,2.8142857142857145,3,2024,봄,8.282580645161291,3.7498943428768534,False,7.3999999999999995
108,서울,2024-03-04,5.4,-1.8,714.0,11.7,1508,0.0,0.0,0.0,3.0428571428571436,3,2024,봄,8.282580645161291,3.7498943428768534,False,13.5
108,서울,2024-03-05,8.0,5.5,2357.0,11.0,1310,0.0,0.0,0.0,3.4285714285714293,3,2024,봄,8.282580645161291,3.7498943428768534,False,5.5
108,서울,2024-03-06,6.2,2.5,640.0,10.3,1613,0.0,0.0,0.0,3.4,3,2024,봄,8.282580645161291,3.7498943428768534,False,7.800000000000001
108,서울,2024-03-07,3.9,1.2,2357.0,8.2,1258,3.83,0.0,0.0,3.2714285714285722,3,2024,봄,8.282580645161291,3.7498943428768534,False,6.999999999999999
108,서울,2024-03-08,2.1,-0.7,458.0,6.5,1338,0.0,0.0,0.0,4.1571428571428575,3,2024,봄,8.282580645161291,3.7498943428768534,False,7.2
108,서울,2024-03-09,2.0,-2.1,726.0,7.1,1546,0.0,0.0,0.0,4.514285714285714,3,2024,봄,8.282580645161291,3.7498943428768534,False,9.2
108,서울,2024-03-10,4.2,-1.8,654.0,10.6,1455,0.0,0.0,0.0,4.542857142857144,3,2024,봄,8.282580645161291,3.7498943428768534,False,12.4
108,서울,2024-03-11,6.2,2.0,609.0,10.8,1711,0.0,0.0,0.0,4.6571428571428575,3,2024,봄,8.282580645161291,3.7498943428768534,False,8.8
108,서울,2024-03-12,6.6,4.4,2344.0,10.0,1541,5.88,0.0,0.0,4.457142857142857,3,2024,봄,8.282580645161291,3.7498943428768534,False,5.6
108,서울,2024-03-13,6.5,1.3,711.0,12.0,1347,0.0,0.0,0.0,4.500000000000001,3,2024,봄,8.282580645161291,3.7498943428768534,False,10.7
108,서울,2024-03-14,8.5,3.4,652.0,15.4,1442,0.0,0.0,0.0,5.1571428571428575,3,2024,봄,8.282580645161291,3.7498943428768534,False,12.0
108,서울,2024-03-15,8.9,4.0,645.0,14.5,1533,0.0,0.0,0.0,6.128571428571428,3,2024,봄,8.282580645161291,3.7498943428768534,False,10.5
108,서울,2024-03-16,10.9,4.4,626.0,18.3,1515,0.0,0.0,0.0,7.3999999999999995,3,2024,봄,8.282580645161291,3.7498943428768534,False,13.9
108,서울,2024-03-17,8.8,5.4,2253.0,12.2,1451,0.75,0.0,0.0,8.057142857142859,3,2024,봄,8.282580645161291,3.7498943428768534,False,6.799999999999999
108,서울,2024-03-18,7.1,1.4,711.0,13.2,1356,0.0,0.0,0.0,8.185714285714287,3,2024,봄,8.282580645161291,3.7498943428768534,False,11.799999999999999
108,서울,2024-03-19,6.7,3.9,2400.0,9.8,1318,1.5,0.0,0.0,8.2,3,2024,봄,8.282580645161291,3.7498943428768534,False,5.9
108,서울,2024-03-20,4.4,1.2,643.0,8.7,1521,0.0,0.0,0.0,7.9,3,2024,봄,8.282580645161291,3.7498943428768534,False,7.499999999999999
108,서울,2024-03-21,5.0,-1.2,636.0,11.5,1429,0.0,0.0,0.0,7.400000000000001,3,2024,봄,8.282580645161291,3.7498943428768534,False,12.7
108,서울,2024-03-22,10.4,3.8,31.0,15.2,1622,7.25,0.0,0.0,7.614285714285715,3,2024,봄,8.282580645161291,3.7498943428768534,False,11.399999999999999
108,서울,2024-03-23,13.0,9.3,718.0,18.2,1618,2.75,0.0,0.0,7.9142857142857155,3,2024,봄,8.282580645161291,3.7498943428768534,False,8.899999999999999
108,서울,2024-03-24,16.2,10.5,237.0,23.4,1626,0.0,0.0,0.0,8.971428571428573,3,2024,봄,8.282580645161291,3.7498943428768534,True,12.899999999999999
108,서울,2024-03-25,10.6,6.7,2332.0,14.5,1,11.08,0.0,0.0,9.471428571428573,3,2024,봄,8.282580645161291,3.7498943428768534,False,7.8
108,서울,2024-03-26,7.4,3.2,800.0,12.4,1540,10.42,0.0,0.0,9.571428571428571,3,2024,봄,8.282580645161291,3.7498943428768534,False,9.2
108,서울,2024-03-27,10.4,4.4,634.0,16.2,1522,0.0,0.0,0.0,10.428571428571429,3,2024,봄,8.282580645161291,3.7498943428768534,False,11.799999999999999
108,서울,2024-03-28,10.3,7.8,2353.0,12.2,1629,10.83,0.0,0.0,11.185714285714287,3,2024,봄,8.282580645161291,3.7498943428768534,False,4.3999999999999995
108,서울,2024-03-29,7.6,5.0,2352.0,12.3,1611,4.75,0.0,0.0,10.785714285714286,3,2024,봄,8.282580645161291,3.7498943428768534,False,7.300000000000001
108,서울,2024-03-30,8.8,3.0,559.0,15.6,1510,0.0,0.0,0.0,10.185714285714285,3,2024,봄,8.282580645161291,3.7498943428768534,False,12.6
108,서울,2024-03-31,10.6,3.4,610.0,17.7,1544,0.0,0.0,0.0,9.385714285714286,3,2024,봄,8.282580645161291,3.7498943428768534,False,14.299999999999999
108,서울,2024-04-01,12.2,5.5,613.0,19.0,1502,0.0,0.0,0.0,9.614285714285714,4,2024,봄,14.502,3.4178070994612195,False,13.5
108,서울,2024-04-02,15.4,7.0,549.0,23.9,1422,0.0,0.0,0.0,10.757142857142858,4,2024,봄,14.502,3.4178070994612195,False,16.9
108,서울,2024-04-03,16.6,13.9,113.0,19.7,1348,0.25,0.0,0.0,11.642857142857142,4,2024,봄,14.502,3.4178070994612195,False,5.799999999999999
108,서울,2024-04-04,15.5,12.4,621.0,20.3,1313,0.0,0.0,0.0,12.385714285714286,4,2024,봄,14.502,3.4178070994612195,False,7.9
108,서울,2024-04-05,14.0,10.2,2354.0,18.8,1437,0.0,0.0,0.0,13.3,4,2024,봄,14.502,3.4178070994612195,False,8.600000000000001
108,서울,2024-04-06,12.7,8.0,607.0,18.9,1440,0.0,0.0,0.0,13.85714285714286,4,2024,봄,14.502,3.4178070994612195,False,10.899999999999999
108,서울,2024-04-07,14.8,7.7,618.0,23.4,1551,0.0,0.0,0.0,14.457142857142857,4,2024,봄,14.502,3.4178070994612195,False,15.7
108,서울,2024-04-08,16.2,11.0,604.0,22.8,1432,0.0,0.0,0.0,15.028571428571428,4,2024,봄,14.502,3.4178070994612195,False,11.8
108,서울,2024-04-09,15.3,10.6,703.0,20.8,1601,0.0,0.0,0.0,15.014285714285716,4,2024,봄,14.502,3.4178070994612195,False,10.200000000000001
108,서울,2024-04-10,13.8,10.2,607.0,18.5,1418,0.0,0.0,0.0,14.614285714285714,4,2024,봄,14.502,3.4178070994612195,False,8.3
108,서울,2024-04-11,15.5,11.7,422.0,21.1,1543,0.83,0.0,0.0,14.614285714285714,4,2024,봄,14.502,3.4178070994612195,False,9.400000000000002
108,서울,2024-04-12,17.2,12.0,324.0,24.2,1606,0.0,0.0,0.0,15.071428571428571,4,2024,봄,14.502,3.4178070994612195,False,12.2
108,서울,2024-04-13,19.1,11.2,606.0,27.3,1547,0.0,0.0,0.0,15.985714285714286,4,2024,봄,14.502,3.4178070994612195,False,16.1
108,서울,2024-04-14,20.8,13.6,606.0,29.4,1442,0.0,0.0,0.0,16.842857142857145,4,2024,봄,14.502,3.4178070994612195,False,15.799999999999999
108,서울,2024-04-15,16.0,11.7,2110.0,20.0,731,12.17,3.0,8.0,16.814285714285717,4,2024,봄,14.502,3.4178070994612195,False,8.3
108,서울,2024-04-16,13.3,11.5,228.0,17.9,1610,6.08,0.4,1.2,16.52857142857143,4,2024,봄,14.502,3.4178070994612195,False,6.399999999999999
108,서울,2024-04-17,15.0,9.7,556.0,21.8,1507,0.0,0.0,0.0,16.7,4,2024,봄,14.502,3.4178070994612195,False,12.100000000000001
108,서울,2024-04-18,17.3,10.7,547.0,24.9,1454,0.0,0.0,0.0,16.95714285714286,4,2024,봄,14.502,3.4178070994612195,False,14.2
108,서울,2024-04-19,17.6,11.5,637.0,24.3,1518,0.0,0.0,0.0,17.014285714285716,4,2024,봄,14.502,3.4178070994612195,False,12.8
108,서울,2024-04-20,14.9,13.0,2129.0,17.2,950,14.0,0.4,1.2,16.414285714285715,4,2024,봄,14.502,3.4178070994612195,False,4.199999999999999
108,서울,2024-04-21,17.2,13.3,1.0,21.7,1220,0.0,0.0,0.0,15.9,4,2024,봄,14.502,3.4178070994612195,False,8.399999999999999
108,서울,2024-04-22,18.8,15.0,523.0,24.1,1702,0.0,0.0,0.0,16.3,4,2024,봄,14.502,3.4178070994612195,False,9.100000000000001
108,서울,2024-04-23,17.3,13.2,603.0,24.2,1356,3.33,0.0,0.0,16.87142857142857,4,2024,봄,14.502,3.4178070994612195,False,11.0
108,서울,2024-04-24,13.2,11.0,2330.0,16.5,1351,7.0,0.9,4.3,16.614285714285714,4,2024,봄,14.502,3.4178070994612195,False,5.5
108,서울,2024-04-25,14.4,10.3,602.0,20.8,1621,0.0,0.0,0.0,16.2,4,2024,봄,14.502,3.4178070994612195,False,10.5
108,서울,2024-04-26,17.8,11.4,603.0,26.0,1543,0.0,0.0,0.0,16.22857142857143,4,2024,봄,14.502,3.4178070994612195,False,14.6
108,서울,2024-04-27,18.2,11.5,601.0,26.2,1525,0.0,0.0,0.0,16.7,4,2024,봄,14.502,3.4178070994612195,False,14.7
108,서울,2024-04-28,20.7,13.0,558.0,28.9,1559,0.0,0.0,0.0,17.2,4,2024,봄,14.502,3.4178070994612195,False,15.899999999999999
108,서울,2024-04-29,20.9,16.9,553.0,26.1,1456,0.0,0.0,0.0,17.5,4,2024,봄,14.502,3.4178070994612195,False,9.200000000000003
108,서울,2024-04-30,18.6,16.0,2354.0,22.5,1417,0.0,0.0,0.0,17.685714285714283,4,2024,봄,14.502,3.4178070994612195,False,6.5
108,서울,2024-05-01,18.5,13.9,535.0,24.0,1552,0.0,0.0,0.0,18.442857142857143,5,2024,봄,18.395483870967745,3.121403737154581,False,10.1
108,서울,2024-05-02,18.1,12.4,546.0,23.7,1457,0.0,0.0,0.0,18.97142857142857,5,2024,봄,18.395483870967745,3.121403737154581,False,11.299999999999999
108,서울,2024-05-03,19.7,12.2,559.0,27.9,1618,0.0,0.0,0.0,19.24285714285714,5,2024,봄,18.395483870967745,3.121403737154581,False,15.7
108,서울,2024-05-04,21.4,14.6,602.0,28.5,1402,0.17,0.0,0.0,19.7,5,2024,봄,18.395483870967745,3.121403737154581,False,13.9
108,서울,2024-05-05,17.8,15.7,2351.0,20.6,1,20.08,3.9,8.1,19.285714285714285,5,2024,봄,18.395483870967745,3.121403737154581,False,4.900000000000002
108,서울,2024-05-06,13.9,13.4,1811.0,15.7,1,20.17,1.1,4.1,18.285714285714285,5,2024,봄,18.395483870967745,3.121403737154581,False,2.299999999999999
108,서울,2024-05-07,13.3,12.2,2357.0,15.0,1552,16.17,0.3,1.2,17.52857142857143,5,2024,봄,18.395483870967745,3.121403737154581,False,2.8000000000000007
108,서울,2024-05-08,14.7,9.0,554.0,21.4,1609,0.0,0.0,0.0,16.985714285714284,5,2024,봄,18.395483870967745,3.121403737154581,False,12.399999999999999
108,서울,2024-05-09,16.1,10.9,517.0,21.8,1557,0.0,0.0,0.0,16.7,5,2024,봄,18.395483870967745,3.121403737154581,False,10.9
108,서울,2024-05-10,17.9,12.5,534.0,23.8,1441,0.0,0.0,0.0,16.442857142857143,5,2024,봄,18.395483870967745,3.121403737154581,False,11.3
108,서울,2024-05-11,17.0,14.0,2259.0,22.0,1227,9.0,1.8,7.7,15.814285714285715,5,2024,봄,18.395483870967745,3.121403737154581,False,8.0
108,서울,2024-05-12,16.6,11.9,556.0,21.6,1518,0.0,0.0,0.0,15.642857142857142,5,2024,봄,18.395483870967745,3.121403737154581,False,9.700000000000001
108,서울,2024-05-13,18.3,11.9,603.0,24.5,1444,0.0,0.0,0.0,16.271428571428572,5,2024,봄,18.395483870967745,3.121403737154581,False,12.6
108,서울,2024-05-14,18.8,12.7,559.0,24.7,1419,0.0,0.0,0.0,17.057142857142857,5,2024,봄,18.395483870967745,3.121403737154581,False,12.0
108,서울,2024-05-15,12.6,7.2,2129.0,18.8,1002,10.5,0.9,3.9,16.757142857142856,5,2024,봄,18.395483870967745,3.121403737154581,False,11.600000000000001
108,서울,2024-05-16,13.7,6.9,600.0,19.8,1613,1.75,0.1,0.3,16.414285714285715,5,2024,봄,18.395483870967745,3.121403737154581,False,12.9
108,서울,2024-05-17,18.3,10.8,535.0,24.9,1435,0.0,0.0,0.0,16.47142857142857,5,2024,봄,18.395483870967745,3.121403737154581,False,14.099999999999998
108,서울,2024-05-18,20.7,16.0,551.0,26.5,1459,0.0,0.0,0.0,17.0,5,2024,봄,18.395483870967745,3.121403737154581,False,10.5
108,서울,2024-05-19,21.5,15.9,534.0,27.9,1513,0.0,0.0,0.0,17.7,5,2024,봄,18.395483870967745,3.121403737154581,False,11.999999999999998
108,서울,2024-05-20,19.4,16.8,2347.0,22.8,1251,0.0,0.0,0.0,17.857142857142858,5,2024,봄,18.395483870967745,3.121403737154581,False,6.0
108,서울,2024-05-21,21.7,16.3,553.0,28.3,1654,0.0,0.0,0.0,18.271428571428572,5,2024,봄,18.395483870967745,3.121403737154581,False,12.0
108,서울,2024-05-22,20.5,16.4,533.0,25.5,1453,0.0,0.0,0.0,19.400000000000002,5,2024,봄,18.395483870967745,3.121403737154581,False,9.100000000000001
108,서울,2024-05-23,20.2,15.8,607.0,26.4,1554,0.0,0.0,0.0,20.32857142857143,5,2024,봄,18.395483870967745,3.121403737154581,False,10.599999999999998
108,서울,2024-05-24,20.1,15.7,145.0,24.7,1726,0.0,0.0,0.0,20.585714285714285,5,2024,봄,18.395483870967745,3.121403737154581,False,9.0
108,서울,2024-05-25,21.4,18.7,125.0,24.7,1248,0.0,0.0,0.0,20.685714285714287,5,2024,봄,18.395483870967745,3.121403737154581,False,6.0
108,서울,2024-05-26,19.9,17.0,2342.0,23.7,1110,8.33,1.1,3.0,20.457142857142856,5,2024,봄,18.395483870967745,3.121403737154581,False,6.699999999999999
108,서울,2024-05-27,18.5,14.1,603.0,22.6,1504,0.0,0.0,0.0,20.328571428571426,5,2024,봄,18.395483870967745,3.121403737154581,False,8.500000000000002
108,서울,2024-05-28,20.4,14.3,534.0,26.1,1704,0.0,0.0,0.0,20.142857142857142,5,2024,봄,18.395483870967745,3.121403737154581,False,11.8
108,서울,2024-05-29,21.2,15.4,547.0,26.8,1502,0.0,0.0,0.0,20.24285714285714,5,2024,봄,18.395483870967745,3.121403737154581,False,11.4
108,서울,2024-05-30,20.7,16.2,546.0,24.6,1544,0.0,0.0,0.0,20.314285714285713,5,2024,봄,18.395483870967745,3.121403737154581,False,8.400000000000002
108,서울,2024-05-31,20.4,16.9,603.0,25.4,1507,1.75,1.0,1.0,20.357142857142858,5,2024,봄,18.395483870967745,3.121403737154581,False,8.5
108,서울,2024-06-01,20.7,17.5,529.0,25.2,1520,0.67,0.0,0.0,20.25714285714286,6,2024,여름,23.626666666666665,2.2328741723060053,False,7.699999999999999
108,서울,2024-06-02,20.4,15.7,551.0,25.8,1551,0.0,0.0,0.0,20.328571428571426,6,2024,여름,23.626666666666665,2.2328741723060053,False,10.100000000000001
108,서울,2024-06-03,22.2,15.7,520.0,28.7,1603,0.0,0.0,0.0,20.857142857142858,6,2024,여름,23.626666666666665,2.2328741723060053,False,13.0
108,서울,2024-06-04,22.8,16.3,527.0,29.3,1607,0.0,0.0,0.0,21.2,6,2024,여름,23.626666666666665,2.2328741723060053,False,13.0
108,서울,2024-06-05,23.6,18.1,517.0,30.1,1403,0.0,0.0,0.0,21.542857142857144,6,2024,여름,23.626666666666665,2.2328741723060053,False,12.0
108,서울,2024-06-06,24.1,19.3,602.0,31.4,1611,0.0,0.0,0.0,22.028571428571432,6,2024,여름,23.626666666666665,2.2328741723060053,False,12.099999999999998
108,서울,2024-06-07,23.1,18.3,544.0,28.0,1538,4.17,0.6,0.8,22.414285714285715,6,2024,여름,23.626666666666665,2.2328741723060053,False,9.7
108,서울,2024-06-08,20.3,17.9,448.0,25.0,1730,11.5,3.5,12.4,22.357142857142858,6,2024,여름,23.626666666666665,2.2328741723060053,False,7.100000000000001
108,서울,2024-06-09,22.9,17.4,555.0,28.8,1456,0.0,0.0,0.0,22.714285714285715,6,2024,여름,23.626666666666665,2.2328741723060053,False,11.400000000000002
108,서울,2024-06-10,24.7,19.0,531.0,31.1,1509,0.0,0.0,0.0,23.071428571428573,6,2024,여름,23.626666666666665,2.2328741723060053,False,12.100000000000001
108,서울,2024-06-11,25.4,21.7,2359.0,31.6,1542,0.0,0.0,0.0,23.442857142857147,6,2024,여름,23.626666666666665,2.2328741723060053,False,9.900000000000002
108,서울,2024-06-12,24.8,19.2,517.0,31.8,1423,0.0,0.0,0.0,23.61428571428571,6,2024,여름,23.626666666666665,2.2328741723060053,False,12.600000000000001
108,서울,2024-06-13,26.4,20.0,504.0,32.8,1544,0.0,0.0,0.0,23.942857142857143,6,2024,여름,23.626666666666665,2.2328741723060053,False,12.799999999999997
108,서울,2024-06-14,26.3,21.4,532.0,33.0,1425,0.0,0.0,0.0,24.400000000000002,6,2024,여름,23.626666666666665,2.2328741723060053,False,11.600000000000001
108,서울,2024-06-15,24.2,21.8,445.0,28.2,1629,6.0,3.0,5.1,24.957142857142856,6,2024,여름,23.626666666666665,2.2328741723060053,False,6.399999999999999
108,서울,2024-06-16,24.3,19.9,535.0,29.5,1448,0.0,0.0,0.0,25.157142857142862,6,2024,여름,23.626666666666665,2.2328741723060053,False,9.600000000000001
108,서울,2024-06-17,24.8,18.9,527.0,30.2,1448,0.0,0.0,0.0,25.17142857142857,6,2024,여름,23.626666666666665,2.2328741723060053,False,11.3
108,서울,2024-06-18,26.0,20.4,544.0,32.9,1509,0.0,0.0,0.0,25.25714285714286,6,2024,여름,23.626666666666665,2.2328741723060053,False,12.5
108,서울,2024-06-19,28.8,21.4,509.0,35.8,1623,0.0,0.0,0.0,25.82857142857143,6,2024,여름,23.626666666666665,2.2328741723060053,True,14.399999999999999
108,서울,2024-06-20,29.4,23.4,518.0,35.4,1348,0.0,0.0,0.0,26.25714285714286,6,2024,여름,23.626666666666665,2.2328741723060053,True,12.0
108,서울,2024-06-21,28.1,22.9,513.0,33.9,1304,0.0,0.0,0.0,26.514285714285712,6,2024,여름,23.626666666666665,2.2328741723060053,True,11.0
108,서울,2024-06-22,24.2,22.6,1248.0,26.1,833,13.67,1.1,4.7,26.514285714285712,6,2024,여름,23.626666666666665,2.2328741723060053,False,3.5
108,서울,2024-06-23,25.1,22.5,333.0,30.1,1402,8.42,3.0,3.0,26.62857142857143,6,2024,여름,23.626666666666665,2.2328741723060053,False,7.600000000000001
108,서울,2024-06-24,24.3,21.2,2353.0,27.9,1308,0.33,0.0,0.0,26.557142857142857,6,2024,여름,23.626666666666665,2.2328741723060053,False,6.699999999999999
108,서울,2024-06-25,22.9,19.1,559.0,27.2,1431,0.0,0.0,0.0,26.114285714285717,6,2024,여름,23.626666666666665,2.2328741723060053,False,8.099999999999998
108,서울,2024-06-26,24.9,18.9,608.0,31.6,1640,0.0,0.0,0.0,25.557142857142853,6,2024,여름,23.626666666666665,2.2328741723060053,False,12.700000000000003
108,서울,2024-06-27,26.3,20.6,537.0,31.6,1300,0.0,0.0,0.0,25.114285714285717,6,2024,여름,23.626666666666665,2.2328741723060053,False,11.0
108,서울,2024-06-28,26.6,21.3,536.0,32.5,1449,0.0,0.0,0.0,24.9,6,2024,여름,23.626666666666665,2.2328741723060053,False,11.2
108,서울,2024-06-29,26.7,21.6,529.0,32.3,1408,5.42,6.1,20.7,25.25714285714286,6,2024,여름,23.626666666666665,2.2328741723060053,False,10.699999999999996
108,서울,2024-06-30,23.5,22.0,947.0,24.9,1640,7.08,9.6,15.9,25.028571428571432,6,2024,여름,23.626666666666665,2.2328741723060053,False,2.8999999999999986
108,서울,2024-07-01,26.3,22.0,506.0,31.3,1537,0.0,0.0,0.0,25.314285714285713,7,2024,여름,27.506451612903227,2.410520163172063,False,9.3
108,서울,2024-07-02,23.2,21.9,1214.0,25.2,1,17.25,5.6,24.0,25.357142857142858,7,2024,여름,27.506451612903227,2.410520163172063,False,3.3000000000000007
108,서울,2024-07-03,24.7,23.6,735.0,25.9,1152,3.67,0.3,1.2,25.32857142857143,7,2024,여름,27.506451612903227,2.410520163172063,False,2.299999999999997
108,서울,2024-07-04,26.8,23.2,620.0,30.6,1459,3.13,3.0,3.6,25.400000000000002,7,2024,여름,27.506451612903227,2.410520163172063,False,7.400000000000002
108,서울,2024-07-05,23.4,21.3,510.0,26.1,1655,6.92,2.6,3.3,24.942857142857147,7,2024,여름,27.506451612903227,2.410520163172063,False,4.800000000000001
108,서울,2024-07-06,25.1,22.1,542.0,30.0,1420,5.92,1.2,2.0,24.714285714285715,7,2024,여름,27.506451612903227,2.410520163172063,False,7.899999999999999
108,서울,2024-07-07,24.4,21.5,514.0,28.2,1327,5.17,9.4,26.8,24.842857142857138,7,2024,여름,27.506451612903227,2.410520163172063,False,6.699999999999999
108,서울,2024-07-08,23.8,23.1,2032.0,24.5,1535,17.83,3.9,7.1,24.485714285714288,7,2024,여름,27.506451612903227,2.410520163172063,False,1.3999999999999986
108,서울,2024-07-09,24.5,22.7,513.0,26.7,1317,6.17,0.1,0.2,24.67142857142857,7,2024,여름,27.506451612903227,2.410520163172063,False,4.0
108,서울,2024-07-10,26.6,22.7,517.0,31.1,1326,3.92,0.7,1.4,24.942857142857143,7,2024,여름,27.506451612903227,2.410520163172063,False,8.400000000000002
108,서울,2024-07-11,25.7,23.3,2354.0,28.9,1531,0.0,0.0,0.0,24.785714285714285,7,2024,여름,27.506451612903227,2.410520163172063,False,5.599999999999998
108,서울,2024-07-12,25.6,21.8,550.0,30.2,1619,0.0,0.0,0.0,25.1,7,2024,여름,27.506451612903227,2.410520163172063,False,8.399999999999999
108,서울,2024-07-13,28.1,23.5,550.0,33.3,1544,0.5,0.0,0.0,25.52857142857143,7,2024,여름,27.506451612903227,2.410520163172063,False,9.799999999999997
108,서울,2024-07-14,28.4,24.9,654.0,32.1,1654,0.47,0.4,0.4,26.1,7,2024,여름,27.506451612903227,2.410520163172063,False,7.200000000000003
108,서울,2024-07-15,28.4,24.5,524.0,31.3,1633,0.17,0.0,0.0,26.75714285714286,7,2024,여름,27.506451612903227,2.410520163172063,False,6.800000000000001
108,서울,2024-07-16,27.0,24.6,2346.0,30.7,1227,9.93,5.3,7.3,27.114285714285717,7,2024,여름,27.506451612903227,2.410520163172063,False,6.099999999999998
108,서울,2024-07-17,25.4,24.1,355.0,28.1,1345,18.58,16.5,63.3,26.942857142857147,7,2024,여름,27.506451612903227,2.410520163172063,False,4.0
108,서울,2024-07-18,24.3,23.1,813.0,25.6,1,17.92,9.3,20.2,26.74285714285714,7,2024,여름,27.506451612903227,2.410520163172063,False,2.5
108,서울,2024-07-19,27.0,24.2,440.0,30.8,1454,3.83,0.1,0.1,26.942857142857143,7,2024,여름,27.506451612903227,2.410520163172063,False,6.600000000000001
108,서울,2024-07-20,27.2,25.1,443.0,30.6,1547,4.42,10.7,13.8,26.814285714285713,7,2024,여름,27.506451612903227,2.410520163172063,False,5.5
108,서울,2024-07-21,26.5,22.5,451.0,29.8,1808,8.47,2.3,4.2,26.542857142857144,7,2024,여름,27.506451612903227,2.410520163172063,False,7.300000000000001
108,서울,2024-07-22,26.6,24.3,1104.0,27.9,1,10.33,24.2,32.2,26.285714285714285,7,2024,여름,27.506451612903227,2.410520163172063,False,3.599999999999998
108,서울,2024-07-23,26.4,25.8,454.0,27.3,1517,6.33,0.8,1.0,26.199999999999996,7,2024,여름,27.506451612903227,2.410520163172063,False,1.5
108,서울,2024-07-24,28.1,26.0,546.0,30.9,1355,6.25,10.2,12.4,26.58571428571429,7,2024,여름,27.506451612903227,2.410520163172063,False,4.899999999999999
108,서울,2024-07-25,28.8,25.4,2356.0,32.2,1551,2.67,9.8,15.1,27.228571428571428,7,2024,여름,27.506451612903227,2.410520163172063,False,6.800000000000004
108,서울,2024-07-26,28.7,25.2,137.0,32.7,1537,3.0,2.8,5.0,27.47142857142857,7,2024,여름,27.506451612903227,2.410520163172063,False,7.5000000000000036
108,서울,2024-07-27,28.9,27.5,546.0,31.7,1244,4.92,10.9,15.1,27.714285714285715,7,2024,여름,27.506451612903227,2.410520163172063,False,4.199999999999999
108,서울,2024-07-28,29.2,27.3,445.0,32.2,1427,0.33,0.0,0.0,28.1,7,2024,여름,27.506451612903227,2.410520163172063,False,4.900000000000002
108,서울,2024-07-29,27.4,26.8,2356.0,27.8,1,5.5,0.0,0.0,28.214285714285715,7,2024,여름,27.506451612903227,2.410520163172063,False,1.0
108,서울,2024-07-30,28.6,26.3,459.0,31.9,1441,0.0,0.0,0.0,28.528571428571432,7,2024,여름,27.506451612903227,2.410520163172063,False,5.599999999999998
108,서울,2024-07-31,29.4,27.0,321.0,33.3,1540,0.0,0.0,0.0,28.714285714285715,7,2024,여름,27.506451612903227,2.410520163172063,False,6.299999999999997
108,서울,2024-08-01,29.9,27.3,442.0,33.2,1520,1.42,0.3,0.3,28.87142857142857,8,2024,여름,27.272258064516127,2.5088812502339457,False,5.900000000000002
108,서울,2024-08-02,29.6,28.2,549.0,32.5,1608,0.0,0.0,0.0,29.0,8,2024,여름,27.272258064516127,2.5088812502339457,False,4.300000000000001
108,서울,2024-08-03,30.2,27.2,425.0,34.2,1528,0.0,0.0,0.0,29.185714285714287,8,2024,여름,27.272258064516127,2.5088812502339457,False,7.0000000000000036
108,서울,2024-08-04,31.8,27.3,542.0,36.2,1448,0.0,0.0,0.0,29.557142857142857,8,2024,여름,27.272258064516127,2.5088812502339457,False,8.900000000000002
108,서울,2024-08-05,30.0,26.9,2358.0,33.7,1522,3.53,0.5,0.8,29.928571428571427,8,2024,여름,27.272258064516127,2.5088812502339457,False,6.800000000000004
108,서울,2024-08-06,29.5,25.6,539.0,33.5,1546,0.75,0.0,0.0,30.057142857142857,8,2024,여름,27.272258064516127,2.5088812502339457,False,7.899999999999999
108,서울,2024-08-07,29.6,27.2,536.0,33.4,1602,1.33,3.2,3.4,30.085714285714285,8,2024,여름,27.272258064516127,2.5088812502339457,False,6.199999999999999
108,서울,2024-08-08,28.5,26.9,2353.0,31.6,1708,1.83,0.0,0.0,29.88571428571429,8,2024,여름,27.272258064516127,2.5088812502339457,False,4.700000000000003
108,서울,2024-08-09,29.3,25.6,442.0,33.6,1420,0.0,0.0,0.0,29.842857142857138,8,2024,여름,27.272258064516127,2.5088812502339457,False,8.0
108,서울,2024-08-10,30.0,26.4,530.0,33.6,1335,0.0,0.0,0.0,29.814285714285713,8,2024,여름,27.272258064516127,2.5088812502339457,False,7.200000000000003
108,서울,2024-08-11,30.8,27.8,558.0,34.4,1521,0.0,0.0,0.0,29.67142857142857,8,2024,여름,27.272258064516127,2.5088812502339457,False,6.599999999999998
108,서울,2024-08-12,31.1,28.2,608.0,34.1,1512,0.0,0.0,0.0,29.828571428571426,8,2024,여름,27.272258064516127,2.5088812502339457,False,5.900000000000002
108,서울,2024-08-13,31.3,28.1,520.0,36.4,1501,2.08,0.0,0.0,30.085714285714285,8,2024,여름,27.272258064516127,2.5088812502339457,False,8.299999999999997
108,서울,2024-08-14,30.0,27.3,2002.0,34.9,1438,1.75,2.7,3.0,30.142857142857142,8,2024,여름,27.272258064516127,2.5088812502339457,False,7.599999999999998
108,서울,2024-08-15,29.2,26.7,546.0,34.6,1541,3.25,4.9,6.1,30.24285714285714,8,2024,여름,27.272258064516127,2.5088812502339457,False,7.900000000000002
108,서울,2024-08-16,29.8,26.8,418.0,34.3,1340,0.25,0.0,0.0,30.314285714285713,8,2024,여름,27.272258064516127,2.5088812502339457,False,7.4999999999999964
108,서울,2024-08-17,29.8,27.2,559.0,34.0,1514,1.5,7.4,11.0,30.285714285714285,8,2024,여름,27.272258064516127,2.5088812502339457,False,6.800000000000001
108,서울,2024-08-18,29.5,27.0,525.0,33.9,1253,1.08,0.0,0.0,30.1,8,2024,여름,27.272258064516127,2.5088812502339457,False,6.899999999999999
108,서울,2024-08-19,29.7,26.3,607.0,35.3,1355,0.92,2.2,2.3,29.900000000000002,8,2024,여름,27.272258064516127,2.5088812502339457,False,8.999999999999996
108,서울,2024-08-20,31.4,27.0,331.0,35.4,1519,0.25,0.0,0.0,29.914285714285715,8,2024,여름,27.272258064516127,2.5088812502339457,False,8.399999999999999
108,서울,2024-08-21,28.4,26.9,653.0,30.8,1,12.75,6.3,14.7,29.685714285714287,8,2024,여름,27.272258064516127,2.5088812502339457,False,3.900000000000002
108,서울,2024-08-22,28.6,27.1,2211.0,30.3,1251,4.42,0.5,0.5,29.6,8,2024,여름,27.272258064516127,2.5088812502339457,False,3.1999999999999993
108,서울,2024-08-23,28.4,26.4,550.0,31.8,1418,0.5,0.0,0.0,29.400000000000002,8,2024,여름,27.272258064516127,2.5088812502339457,False,5.400000000000002
108,서울,2024-08-24,27.6,25.1,612.0,30.9,1628,3.42,0.8,1.5,29.085714285714285,8,2024,여름,27.272258064516127,2.5088812502339457,False,5.799999999999997
108,서울,2024-08-25,28.5,24.9,612.0,32.7,1558,0.0,0.0,0.0,28.942857142857143,8,2024,여름,27.272258064516127,2.5088812502339457,False,7.800000000000004
108,서울,2024-08-26,28.1,25.6,554.0,30.6,1509,0.25,0.0,0.0,28.714285714285715,8,2024,여름,27.272258064516127,2.5088812502339457,False,5.0
108,서울,2024-08-27,26.5,24.6,953.0,30.3,1638,5.58,0.2,0.3,28.014285714285712,8,2024,여름,27.272258064516127,2.5088812502339457,False,5.699999999999999
108,서울,2024-08-28,28.2,23.0,559.0,33.2,1623,0.0,0.0,0.0,27.985714285714284,8,2024,여름,27.272258064516127,2.5088812502339457,False,10.200000000000003
108,서울,2024-08-29,28.4,23.4,624.0,33.5,1416,0.0,0.0,0.0,27.957142857142856,8,2024,여름,27.272258064516127,2.5088812502339457,False,10.100000000000001
108,서울,2024-08-30,28.0,23.7,604.0,32.9,1415,0.0,0.0,0.0,27.900000000000002,8,2024,여름,27.272258064516127,2.5088812502339457,False,9.2
108,서울,2024-08-31,27.6,22.6,639.0,33.0,1553,0.0,0.0,0.0,27.9,8,2024,여름,27.272258064516127,2.5088812502339457,False,10.399999999999999
108,서울,2024-09-01,27.1,24.6,557.0,31.6,1458,0.0,0.0,0.0,27.7,9,2024,가을,23.509333333333334,2.6126524018144712,False,7.0
108,서울,2024-09-02,24.5,22.2,709.0,26.9,1701,5.42,1.0,2.0,27.185714285714287,9,2024,가을,23.509333333333334,2.6126524018144712,False,4.699999999999999
108,서울,2024-09-03,27.0,23.2,625.0,32.0,1453,0.0,0.0,0.0,27.25714285714286,9,2024,가을,23.509333333333334,2.6126524018144712,False,8.8
108,서울,2024-09-04,27.9,23.2,557.0,33.3,1559,0.0,0.0,0.0,27.214285714285715,9,2024,가을,23.509333333333334,2.6126524018144712,False,10.099999999999998
108,서울,2024-09-05,26.3,25.6,1903.0,28.8,1030,4.42,2.6,4.7,26.914285714285715,9,2024,가을,23.509333333333334,2.6126524018144712,False,3.1999999999999993
108,서울,2024-09-06,24.0,23.3,1211.0,25.7,1,9.75,0.3,0.3,26.342857142857145,9,2024,가을,23.509333333333334,2.6126524018144712,False,2.3999999999999986
108,서울,2024-09-07,26.5,22.8,621.0,31.3,1432,0.42,0.0,0.0,26.185714285714287,9,2024,가을,23.509333333333334,2.6126524018144712,False,8.5
108,서울,2024-09-08,27.2,22.6,635.0,32.8,1528,0.0,0.0,0.0,26.199999999999996,9,2024,가을,23.509333333333334,2.6126524018144712,False,10.199999999999996
108,서울,2024-09-09,28.5,24.1,420.0,34.1,1445,0.0,0.0,0.0,26.77142857142857,9,2024,가을,23.509333333333334,2.6126524018144712,False,10.0
108,서울,2024-09-10,29.4,25.6,600.0,33.9,1535,0.0,0.0,0.0,27.11428571428571,9,2024,가을,23.509333333333334,2.6126524018144712,True,8.299999999999997
108,서울,2024-09-11,29.0,25.4,618.0,34.6,1240,2.25,0.2,0.4,27.271428571428572,9,2024,가을,23.509333333333334,2.6126524018144712,True,9.200000000000003
108,서울,2024-09-12,25.4,24.8,2121.0,27.1,1,18.83,2.6,7.8,27.142857142857142,9,2024,가을,23.509333333333334,2.6126524018144712,False,2.3000000000000007
108,서울,2024-09-13,25.9,24.2,413.0,28.0,1243,18.67,1.1,2.6,27.414285714285715,9,2024,가을,23.509333333333334,2.6126524018144712,False,3.8000000000000007
108,서울,2024-09-14,28.0,25.2,657.0,32.2,1630,0.33,0.0,0.0,27.62857142857143,9,2024,가을,23.509333333333334,2.6126524018144712,False,7.0000000000000036
108,서울,2024-09-15,27.5,24.2,2346.0,32.4,1520,0.0,0.0,0.0,27.671428571428574,9,2024,가을,23.509333333333334,2.6126524018144712,False,8.2
108,서울,2024-09-16,26.8,21.3,738.0,32.2,1453,3.0,3.6,8.0,27.428571428571427,9,2024,가을,23.509333333333334,2.6126524018144712,False,10.900000000000002
108,서울,2024-09-17,28.6,25.8,556.0,33.2,1507,0.0,0.0,0.0,27.314285714285713,9,2024,가을,23.509333333333334,2.6126524018144712,False,7.400000000000002
108,서울,2024-09-18,29.4,26.5,434.0,33.6,1445,0.5,0.6,0.7,27.37142857142857,9,2024,가을,23.509333333333334,2.6126524018144712,True,7.100000000000001
108,서울,2024-09-19,29.1,25.6,632.0,32.6,1515,0.0,0.0,0.0,27.900000000000002,9,2024,가을,23.509333333333334,2.6126524018144712,True,7.0
108,서울,2024-09-20,25.0,17.9,2345.0,28.6,1,15.33,5.2,15.8,27.77142857142857,9,2024,가을,23.509333333333334,2.6126524018144712,False,10.700000000000003
108,서울,2024-09-21,19.3,17.1,749.0,21.9,1528,8.83,4.9,10.4,26.52857142857143,9,2024,가을,23.509333333333334,2.6126524018144712,False,4.799999999999997
108,서울,2024-09-22,21.0,16.9,523.0,26.7,1520,0.0,0.0,0.0,25.599999999999998,9,2024,가을,23.509333333333334,2.6126524018144712,False,9.8
108,서울,2024-09-23,20.8,16.6,603.0,26.1,1544,0.0,0.0,0.0,24.742857142857144,9,2024,가을,23.509333333333334,2.6126524018144712,False,9.5
108,서울,2024-09-24,21.0,15.6,638.0,26.9,1535,0.0,0.0,0.0,23.657142857142862,9,2024,가을,23.509333333333334,2.6126524018144712,False,11.299999999999999
108,서울,2024-09-25,23.3,18.6,312.0,27.3,1424,0.5,0.0,0.0,22.785714285714285,9,2024,가을,23.509333333333334,2.6126524018144712,False,8.7
108,서울,2024-09-26,23.6,21.1,645.0,28.0,1505,3.58,0.9,1.1,22.0,9,2024,가을,23.509333333333334,2.6126524018144712,False,6.899999999999999
108,서울,2024-09-27,22.7,19.1,643.0,28.0,1534,0.0,0.0,0.0,21.67142857142857,9,2024,가을,23.509333333333334,2.6126524018144712,False,8.899999999999999
108,서울,2024-09-28,23.2,19.2,613.0,27.9,1359,0.0,0.0,0.0,22.228571428571428,9,2024,가을,23.509333333333334,2.6126524018144712,False,8.7
108,서울,2024-09-29,23.5,19.1,622.0,29.0,1446,0.0,0.0,0.0,22.585714285714285,9,2024,가을,23.509333333333334,2.6126524018144712,False,9.899999999999999
108,서울,2024-09-30,23.0,18.3,622.0,28.5,1532,0.0,0.0,0.0,22.9,9,2024,가을,23.509333333333334,2.6126524018144712,False,10.2
108,서울,2024-10-01,18.3,13.3,2400.0,21.7,1,4.5,1.3,2.1,22.514285714285712,10,2024,가을,15.81225806451613,3.450208641985292,False,8.399999999999999
108,서울,2024-10-02,14.9,11.6,649.0,19.9,1536,0.0,0.0,0.0,21.314285714285717,10,2024,가을,15.81225806451613,3.450208641985292,False,8.299999999999999
108,서울,2024-10-03,16.4,10.8,618.0,22.5,1307,0.0,0.0,0.0,20.285714285714285,10,2024,가을,15.81225806451613,3.450208641985292,False,11.7
108,서울,2024-10-04,17.6,11.9,642.0,24.2,1454,0.0,0.0,0.0,19.557142857142857,10,2024,가을,15.81225806451613,3.450208641985292,False,12.299999999999999
108,서울,2024-10-05,17.5,11.6,601.0,24.4,1510,0.0,0.0,0.0,18.74285714285714,10,2024,가을,15.81225806451613,3.450208641985292,False,12.799999999999999
108,서울,2024-10-06,15.4,12.3,546.0,17.9,1500,2.67,0.0,0.0,17.585714285714285,10,2024,가을,15.81225806451613,3.450208641985292,False,5.599999999999998
108,서울,2024-10-07,16.9,14.0,652.0,20.7,1312,0.0,0.0,0.0,16.714285714285715,10,2024,가을,15.81225806451613,3.450208641985292,False,6.699999999999999
108,서울,2024-10-08,17.7,12.7,710.0,23.9,1505,0.0,0.0,0.0,16.628571428571426,10,2024,가을,15.81225806451613,3.450208641985292,False,11.2
108,서울,2024-10-09,18.8,13.9,629.0,24.4,1402,0.0,0.0,0.0,17.185714285714283,10,2024,가을,15.81225806451613,3.450208641985292,False,10.499999999999998
108,서울,2024-10-10,18.8,15.3,611.0,24.1,1547,0.17,0.0,0.0,17.52857142857143,10,2024,가을,15.81225806451613,3.450208641985292,False,8.8
108,서울,2024-10-11,18.6,13.9,702.0,24.4,1451,0.0,0.0,0.0,17.67142857142857,10,2024,가을,15.81225806451613,3.450208641985292,False,10.499999999999998
108,서울,2024-10-12,18.3,13.4,657.0,24.7,1535,0.0,0.0,0.0,17.785714285714285,10,2024,가을,15.81225806451613,3.450208641985292,False,11.299999999999999
108,서울,2024-10-13,18.3,12.6,625.0,22.6,1535,0.0,0.0,0.0,18.2,10,2024,가을,15.81225806451613,3.450208641985292,False,10.000000000000002
108,서울,2024-10-14,19.3,17.6,309.0,21.5,1444,1.5,0.0,0.0,18.542857142857144,10,2024,가을,15.81225806451613,3.450208641985292,False,3.8999999999999986
108,서울,2024-10-15,19.2,17.6,612.0,21.9,1511,5.58,0.2,0.4,18.75714285714286,10,2024,가을,15.81225806451613,3.450208641985292,False,4.299999999999997
108,서울,2024-10-16,18.2,14.4,628.0,24.2,1449,0.0,0.0,0.0,18.67142857142857,10,2024,가을,15.81225806451613,3.450208641985292,False,9.799999999999999
108,서울,2024-10-17,19.0,13.8,402.0,25.7,1512,0.0,0.0,0.0,18.7,10,2024,가을,15.81225806451613,3.450208641985292,False,11.899999999999999
108,서울,2024-10-18,17.4,16.2,1955.0,18.8,930,11.33,9.0,20.9,18.52857142857143,10,2024,가을,15.81225806451613,3.450208641985292,False,2.6000000000000014
108,서울,2024-10-19,16.6,12.4,2341.0,21.1,1151,2.08,0.3,0.9,18.285714285714285,10,2024,가을,15.81225806451613,3.450208641985292,False,8.700000000000001
108,서울,2024-10-20,13.4,10.5,709.0,17.8,1421,0.0,0.0,0.0,17.585714285714285,10,2024,가을,15.81225806451613,3.450208641985292,False,7.300000000000001
108,서울,2024-10-21,14.8,9.7,233.0,19.3,1513,2.33,0.0,0.0,16.942857142857143,10,2024,가을,15.81225806451613,3.450208641985292,False,9.600000000000001
108,서울,2024-10-22,15.5,14.9,644.0,16.6,2155,21.5,1.4,3.6,16.414285714285715,10,2024,가을,15.81225806451613,3.450208641985292,False,1.700000000000001
108,서울,2024-10-23,12.7,9.4,2356.0,15.5,1341,5.5,0.7,2.0,15.628571428571428,10,2024,가을,15.81225806451613,3.450208641985292,False,6.1
108,서울,2024-10-24,12.5,7.1,650.0,18.4,1501,0.0,0.0,0.0,14.700000000000001,10,2024,가을,15.81225806451613,3.450208641985292,False,11.299999999999999
108,서울,2024-10-25,14.9,8.7,701.0,21.5,1416,0.0,0.0,0.0,14.342857142857143,10,2024,가을,15.81225806451613,3.450208641985292,False,12.8
108,서울,2024-10-26,17.0,10.7,644.0,24.0,1552,0.0,0.0,0.0,14.400000000000002,10,2024,가을,15.81225806451613,3.450208641985292,False,13.3
108,서울,2024-10-27,16.0,14.0,2400.0,18.8,1314,0.58,0.0,0.0,14.771428571428572,10,2024,가을,15.81225806451613,3.450208641985292,False,4.800000000000001
108,서울,2024-10-28,15.7,12.3,416.0,20.4,1504,0.13,0.0,0.0,14.900000000000002,10,2024,가을,15.81225806451613,3.450208641985292,False,8.099999999999998
108,서울,2024-10-29,15.0,13.4,504.0,18.3,1529,1.0,0.0,0.0,14.828571428571431,10,2024,가을,15.81225806451613,3.450208641985292,False,4.9
108,서울,2024-10-30,15.7,11.4,709.0,21.4,1405,0.0,0.0,0.0,15.257142857142856,10,2024,가을,15.81225806451613,3.450208641985292,False,9.999999999999998
108,서울,2024-10-31,15.9,11.0,714.0,22.6,1455,0.0,0.0,0.0,15.742857142857144,10,2024,가을,15.81225806451613,3.450208641985292,False,11.600000000000001
108,서울,2024-11-01,15.3,12.9,321.0,18.7,1454,0.0,0.0,0.0,15.799999999999999,11,2024,가을,8.728,5.004067070725786,False,5.799999999999999
108,서울,2024-11-02,18.1,13.0,658.0,25.1,1510,0.0,0.0,0.0,15.957142857142856,11,2024,가을,8.728,5.004067070725786,False,12.100000000000001
108,서울,2024-11-03,17.6,13.0,655.0,23.5,1347,0.15,0.0,0.0,16.185714285714287,11,2024,가을,8.728,5.004067070725786,False,10.5
108,서울,2024-11-04,14.8,8.9,2354.0,18.3,1228,0.5,0.0,0.0,16.057142857142857,11,2024,가을,8.728,5.004067070725786,False,9.4
108,서울,2024-11-05,9.1,5.6,737.0,14.7,1423,0.0,0.0,0.0,15.214285714285717,11,2024,가을,8.728,5.004067070725786,False,9.1
108,서울,2024-11-06,7.5,4.1,628.0,12.5,1430,0.0,0.0,0.0,14.042857142857144,11,2024,가을,8.728,5.004067070725786,False,8.4
108,서울,2024-11-07,7.8,1.6,707.0,15.7,1515,0.0,0.0,0.0,12.885714285714286,11,2024,가을,8.728,5.004067070725786,False,14.1
108,서울,2024-11-08,10.2,3.1,629.0,18.1,1501,0.0,0.0,0.0,12.157142857142857,11,2024,가을,8.728,5.004067070725786,False,15.000000000000002
108,서울,2024-11-09,12.9,6.8,607.0,20.3,1436,0.0,0.0,0.0,11.414285714285715,11,2024,가을,8.728,5.004067070725786,False,13.5
108,서울,2024-11-10,14.4,10.3,536.0,21.0,1520,0.0,0.0,0.0,10.957142857142857,11,2024,가을,8.728,5.004067070725786,False,10.7
108,서울,2024-11-11,14.6,9.7,743.0,21.8,1430,0.0,0.0,0.0,10.928571428571429,11,2024,가을,8.728,5.004067070725786,False,12.100000000000001
108,서울,2024-11-12,14.3,11.0,2359.0,19.2,1520,0.0,0.0,0.0,11.671428571428569,11,2024,가을,8.728,5.004067070725786,False,8.2
108,서울,2024-11-13,14.2,8.3,711.0,21.3,1433,0.0,0.0,0.0,12.628571428571428,11,2024,가을,8.728,5.004067070725786,False,13.0
108,서울,2024-11-14,14.8,13.2,419.0,16.8,1434,4.0,0.0,0.0,13.628571428571428,11,2024,가을,8.728,5.004067070725786,False,3.6000000000000014
108,서울,2024-11-15,17.0,13.7,109.0,21.5,1550,0.75,0.0,0.0,14.599999999999998,11,2024,가을,8.728,5.004067070725786,False,7.800000000000001
108,서울,2024-11-16,17.0,14.4,2358.0,22.6,1316,5.92,0.0,0.0,15.185714285714287,11,2024,가을,8.728,5.004067070725786,False,8.200000000000001
108,서울,2024-11-17,7.0,2.1,2400.0,14.4,1,0.0,0.0,0.0,14.12857142857143,11,2024,가을,8.728,5.004067070725786,False,12.3
108,서울,2024-11-18,2.8,-0.7,721.0,7.9,1456,0.0,0.0,0.0,12.442857142857145,11,2024,가을,8.728,5.004067070725786,False,8.6
108,서울,2024-11-19,5.7,0.3,1.0,11.3,1418,0.0,0.0,0.0,11.214285714285714,11,2024,가을,8.728,5.004067070725786,False,11.0
108,서울,2024-11-20,6.5,2.4,445.0,9.6,1206,0.0,0.0,0.0,10.114285714285716,11,2024,가을,8.728,5.004067070725786,False,7.199999999999999
108,서울,2024-11-21,9.7,6.0,631.0,14.1,1319,1.83,0.0,0.0,9.385714285714286,11,2024,가을,8.728,5.004067070725786,False,8.1
108,서울,2024-11-22,6.2,3.3,801.0,10.6,1451,0.0,0.0,0.0,7.8428571428571425,11,2024,가을,8.728,5.004067070725786,False,7.3
108,서울,2024-11-23,6.4,1.5,711.0,12.6,1425,0.0,0.0,0.0,6.328571428571428,11,2024,가을,8.728,5.004067070725786,False,11.1
108,서울,2024-11-24,7.4,2.6,729.0,14.2,1529,0.0,0.0,0.0,6.385714285714286,11,2024,가을,8.728,5.004067070725786,False,11.6
108,서울,2024-11-25,10.1,3.6,459.0,15.4,1412,0.42,0.0,0.0,7.428571428571429,11,2024,가을,8.728,5.004067070725786,False,11.8
108,서울,2024-11-26,5.8,1.0,2348.0,12.7,1,21.67,0.0,0.0,7.442857142857143,11,2024,가을,8.728,5.004067070725786,False,11.7
108,서울,2024-11-27,-0.4,-1.3,742.0,1.2,48,19.17,0.0,0.0,6.457142857142857,11,2024,가을,8.728,5.004067070725786,False,2.5
108,서울,2024-11-28,0.8,-1.7,2347.0,3.4,1307,8.83,0.0,0.0,5.185714285714285,11,2024,가을,8.728,5.004067070725786,False,5.1
108,서울,2024-11-29,0.2,-3.4,709.0,3.4,1306,2.58,0.0,0.0,4.328571428571428,11,2024,가을,8.728,5.004067070725786,False,6.8
108,서울,2024-11-30,2.5,-0.5,637.0,5.6,1446,1.42,0.0,0.0,3.7714285714285714,11,2024,가을,8.728,5.004067070725786,False,6.1
108,서울,2024-12-01,5.2,1.6,444.0,8.2,1411,2.08,0.0,0.0,3.4571428571428577,12,2024,겨울,0.19354838709677422,4.998424133734095,False,6.6
108,서울,2024-12-02,6.4,0.6,2359.0,13.0,1403,0.25,0.0,0.0,2.9285714285714284,12,2024,겨울,0.19354838709677422,4.998424133734095,False,12.4
108,서울,2024-12-03,1.3,-2.4,740.0,5.2,1438,1.08,0.0,0.0,2.2857142857142856,12,2024,겨울,0.19354838709677422,4.998424133734095,False,7.6
108,서울,2024-12-04,3.1,-0.6,808.0,6.9,1447,0.5,0.0,0.0,2.7857142857142856,12,2024,겨울,0.19354838709677422,4.998424133734095,False,7.5
108,서울,2024-12-05,3.9,-0.1,653.0,8.8,1339,0.88,0.0,0.0,3.2285714285714286,12,2024,겨울,0.19354838709677422,4.998424133734095,False,8.9
108,서울,2024-12-06,2.1,-0.4,2352.0,5.2,1259,0.0,0.0,0.0,3.5,12,2024,겨울,0.19354838709677422,4.998424133734095,False,5.6000000000000005
108,서울,2024-12-07,0.2,-2.5,640.0,4.6,1343,0.0,0.0,0.0,3.1714285714285717,12,2024,겨울,0.19354838709677422,4.998424133734095,False,7.1
108,서울,2024-12-08,-0.2,-3.9,644.0,4.1,1451,0.0,0.0,0.0,2.3999999999999995,12,2024,겨울,0.19354838709677422,4.998424133734095,False,8.0
108,서울,2024-12-09,1.0,-3.8,622.0,7.4,1420,0.0,0.0,0.0,1.6285714285714286,12,2024,겨울,0.19354838709677422,4.998424133734095,False,11.2
108,서울,2024-12-10,2.6,-1.9,754.0,6.9,1513,0.0,0.0,0.0,1.8142857142857143,12,2024,겨울,0.19354838709677422,4.998424133734095,False,8.8
108,서울,2024-12-11,3.0,0.2,2357.0,8.2,1450,0.0,0.0,0.0,1.8,12,2024,겨울,0.19354838709677422,4.998424133734095,False,7.999999999999999
108,서울,2024-12-12,0.5,-3.2,719.0,5.4,1331,0.0,0.0,0.0,1.3142857142857143,12,2024,겨울,0.19354838709677422,4.998424133734095,False,8.600000000000001
108,서울,2024-12-13,1.0,-1.5,2350.0,4.5,1439,0.0,0.0,0.0,1.157142857142857,12,2024,겨울,0.19354838709677422,4.998424133734095,False,6.0
108,서울,2024-12-14,-0.8,-3.6,749.0,2.5,1525,0.0,0.0,0.0,1.0142857142857142,12,2024,겨울,0.19354838709677422,4.998424133734095,False,6.1
108,서울,2024-12-15,1.2,-2.2,2355.0,5.4,1315,0.33,0.0,0.0,1.2142857142857142,12,2024,겨울,0.19354838709677422,4.998424133734095,False,7.6000000000000005
108,서울,2024-12-16,-0.2,-3.3,548.0,3.9,1238,4.75,0.0,0.0,1.042857142857143,12,2024,겨울,0.19354838709677422,4.998424133734095,False,7.199999999999999
108,서울,2024-12-17,-0.8,-3.5,2353.0,3.8,1548,0.0,0.0,0.0,0.557142857142857,12,2024,겨울,0.19354838709677422,4.998424133734095,False,7.3
108,서울,2024-12-18,-3.4,-6.2,739.0,0.9,1520,0.0,0.0,0.0,-0.35714285714285715,12,2024,겨울,0.19354838709677422,4.998424133734095,False,7.1000000000000005
108,서울,2024-12-19,-1.4,-6.7,752.0,4.9,1451,0.0,0.0,0.0,-0.6285714285714287,12,2024,겨울,0.19354838709677422,4.998424133734095,False,11.600000000000001
108,서울,2024-12-20,1.4,-2.1,436.0,5.3,1425,4.07,0.0,0.0,-0.5714285714285714,12,2024,겨울,0.19354838709677422,4.998424133734095,False,7.4
108,서울,2024-12-21,-0.7,-4.7,2335.0,1.9,453,6.25,0.0,0.0,-0.5571428571428572,12,2024,겨울,0.19354838709677422,4.998424133734095,False,6.6
108,서울,2024-12-22,-3.4,-7.7,806.0,1.0,1540,0.0,0.0,0.0,-1.2142857142857142,12,2024,겨울,0.19354838709677422,4.998424133734095,False,8.7
108,서울,2024-12-23,0.3,-5.0,706.0,6.7,1442,0.0,0.0,0.0,-1.1428571428571428,12,2024,겨울,0.19354838709677422,4.998424133734095,False,11.7
108,서울,2024-12-24,-0.4,-4.3,725.0,5.1,1524,0.0,0.0,0.0,-1.0857142857142856,12,2024,겨울,0.19354838709677422,4.998424133734095,False,9.399999999999999
108,서울,2024-12-25,2.7,-1.1,449.0,6.5,1424,0.5,0.0,0.0,-0.21428571428571422,12,2024,겨울,0.19354838709677422,4.998424133734095,False,7.6
108,서울,2024-12-26,0.1,-4.8,2356.0,4.2,1,0.25,0.0,0.0,5.15460690004537e-17,12,2024,겨울,0.19354838709677422,4.998424133734095,False,9.0
108,서울,2024-12-27,-2.6,-5.9,736.0,1.8,1403,2.0,0.0,0.0,-0.5714285714285714,12,2024,겨울,0.19354838709677422,4.998424133734095,False,7.7
108,서울,2024-12-28,-3.0,-6.7,821.0,1.1,1508,0.0,0.0,0.0,-0.9,12,2024,겨울,0.19354838709677422,4.998424133734095,False,7.800000000000001
108,서울,2024-12-29,1.1,-4.2,808.0,6.1,1417,0.0,0.0,0.0,-0.25714285714285706,12,2024,겨울,0.19354838709677422,4.998424133734095,False,10.3
108,서울,2024-12-30,5.5,1.9,26.0,10.1,1234,0.25,0.0,0.0,0.4857142857142858,12,2024,겨울,0.19354838709677422,4.998424133734095,False,8.2
108,서울,2024-12-31,0.6,-2.0,821.0,4.9,4,0.33,0.0,0.0,0.6285714285714287,12,2024,겨울,0.19354838709677422,4.998424133734095,False,6.9
108,서울,2025-01-01,2.6,-2.5,441.0,8.9,1540,0.0,0.0,0.0,0.6142857142857144,1,2025,겨울,-1.401290322580645,4.526157555848039,False,11.4
108,서울,2025-01-02,0.5,-2.9,804.0,6.0,1507,0.0,0.0,0.0,0.6714285714285716,1,2025,겨울,-1.401290322580645,4.526157555848039,False,8.9
108,서울,2025-01-03,-1.1,-5.1,522.0,3.2,1551,0.5,0.0,0.0,0.8857142857142859,1,2025,겨울,-1.401290322580645,4.526157555848039,False,8.3
108,서울,2025-01-04,-0.1,-5.4,752.0,5.7,1503,0.0,0.0,0.0,1.3000000000000003,1,2025,겨울,-1.401290322580645,4.526157555848039,False,11.100000000000001
108,서울,2025-01-05,1.2,-0.7,109.0,2.5,2353,9.0,0.0,0.0,1.3142857142857145,1,2025,겨울,-1.401290322580645,4.526157555848039,False,3.2
108,서울,2025-01-06,1.0,-3.0,2336.0,3.4,1323,3.03,0.0,0.0,0.6714285714285716,1,2025,겨울,-1.401290322580645,4.526157555848039,False,6.4
108,서울,2025-01-07,-2.6,-5.7,800.0,1.5,1437,1.0,0.0,0.0,0.2142857142857144,1,2025,겨울,-1.401290322580645,4.526157555848039,False,7.2
108,서울,2025-01-08,-3.4,-6.1,2344.0,0.2,1452,1.25,0.0,0.0,-0.6428571428571429,1,2025,겨울,-1.401290322580645,4.526157555848039,False,6.3
108,서울,2025-01-09,-9.7,-11.6,2322.0,-6.1,1,0.25,0.0,0.0,-2.1,1,2025,겨울,-1.401290322580645,4.526157555848039,False,5.5
108,서울,2025-01-10,-7.3,-12.2,721.0,-1.7,1553,0.0,0.0,0.0,-2.9857142857142853,1,2025,겨울,-1.401290322580645,4.526157555848039,False,10.5
108,서울,2025-01-11,-5.1,-9.5,752.0,0.4,1502,0.0,0.0,0.0,-3.6999999999999997,1,2025,겨울,-1.401290322580645,4.526157555848039,False,9.9
108,서울,2025-01-12,-3.4,-8.2,748.0,2.5,1411,0.0,0.0,0.0,-4.357142857142857,1,2025,겨울,-1.401290322580645,4.526157555848039,False,10.7
108,서울,2025-01-13,-0.4,-5.6,555.0,4.1,1330,7.42,0.0,0.0,-4.557142857142857,1,2025,겨울,-1.401290322580645,4.526157555848039,False,9.7
108,서울,2025-01-14,2.3,-1.7,2355.0,5.2,1305,1.58,0.0,0.0,-3.857142857142857,1,2025,겨울,-1.401290322580645,4.526157555848039,False,6.9
108,서울,2025-01-15,-3.5,-5.3,802.0,-0.5,1517,0.0,0.0,0.0,-3.871428571428571,1,2025,겨울,-1.401290322580645,4.526157555848039,False,4.8
108,서울,2025-01-16,-0.5,-4.9,1.0,2.8,1448,2.0,0.0,0.0,-2.557142857142857,1,2025,겨울,-1.401290322580645,4.526157555848039,False,7.7
108,서울,2025-01-17,-0.5,-4.9,750.0,5.6,1615,0.0,0.0,0.0,-1.5857142857142859,1,2025,겨울,-1.401290322580645,4.526157555848039,False,10.5
108,서울,2025-01-18,1.0,-4.0,756.0,7.5,1340,0.0,0.0,0.0,-0.7142857142857143,1,2025,겨울,-1.401290322580645,4.526157555848039,False,11.5
108,서울,2025-01-19,3.8,-1.2,148.0,9.0,1418,0.0,0.0,0.0,0.3142857142857142,1,2025,겨울,-1.401290322580645,4.526157555848039,False,10.2
108,서울,2025-01-20,3.9,0.9,2346.0,7.5,1447,0.17,0.0,0.0,0.9285714285714286,1,2025,겨울,-1.401290322580645,4.526157555848039,False,6.6
108,서울,2025-01-21,2.4,-1.0,809.0,6.3,1400,0.0,0.0,0.0,0.9428571428571428,1,2025,겨울,-1.401290322580645,4.526157555848039,False,7.3
108,서울,2025-01-22,3.6,0.5,2353.0,7.7,1529,0.0,0.0,0.0,1.957142857142857,1,2025,겨울,-1.401290322580645,4.526157555848039,False,7.2
108,서울,2025-01-23,2.0,-2.4,710.0,7.7,1526,0.0,0.0,0.0,2.314285714285714,1,2025,겨울,-1.401290322580645,4.526157555848039,False,10.1
108,서울,2025-01-24,3.1,-2.7,815.0,10.6,1542,0.0,0.0,0.0,2.8285714285714287,1,2025,겨울,-1.401290322580645,4.526157555848039,False,13.3
108,서울,2025-01-25,5.2,1.2,536.0,11.4,1404,0.0,0.0,0.0,3.4285714285714284,1,2025,겨울,-1.401290322580645,4.526157555848039,False,10.200000000000001
108,서울,2025-01-26,4.6,1.8,619.0,7.5,1330,0.0,0.0,0.0,3.5428571428571423,1,2025,겨울,-1.401290322580645,4.526157555848039,False,5.7
108,서울,2025-01-27,0.2,-2.7,2357.0,5.1,1,22.35,0.0,0.0,3.0142857142857147,1,2025,겨울,-1.401290322580645,4.526157555848039,False,7.8
108,서울,2025-01-28,-3.9,-5.3,2331.0,-2.5,1457,22.58,0.0,0.0,2.1142857142857148,1,2025,겨울,-1.401290322580645,4.526157555848039,False,2.8
108,서울,2025-01-29,-4.6,-6.4,823.0,-1.3,1351,11.75,0.0,0.0,0.9428571428571431,1,2025,겨울,-1.401290322580645,4.526157555848039,False,5.1000000000000005
108,서울,2025-01-30,-3.8,-7.5,746.0,-1.0,1240,0.0,0.0,0.0,0.11428571428571452,1,2025,겨울,-1.401290322580645,4.526157555848039,False,6.5
108,서울,2025-01-31,-0.8,-2.6,647.0,0.7,2317,17.92,0.0,0.0,-0.44285714285714267,1,2025,겨울,-1.401290322580645,4.526157555848039,False,3.3
108,서울,2025-02-01,1.6,-2.0,645.0,7.9,1558,0.0,0.0,0.0,-0.9571428571428571,2,2025,겨울,1.3283687943262412,4.435495241170688,False,9.9
108,서울,2025-02-02,1.5,-2.5,808.0,6.8,1537,0.08,0.0,0.0,-1.4,2,2025,겨울,1.3283687943262412,4.435495241170688,False,9.3
108,서울,2025-02-03,-4.1,-8.2,2327.0,0.6,1,0.0,0.0,0.0,-2.014285714285714,2,2025,겨울,1.3283687943262412,4.435495241170688,False,8.799999999999999
108,서울,2025-02-04,-9.0,-11.5,753.0,-5.3,1508,0.0,0.0,0.0,-2.742857142857143,2,2025,겨울,1.3283687943262412,4.435495241170688,True,6.2
108,서울,2025-02-05,-8.6,-11.8,440.0,-3.7,1454,0.0,0.0,0.0,-3.314285714285714,2,2025,겨울,1.3283687943262412,4.435495241170688,True,8.100000000000001
108,서울,2025-02-06,-5.6,-11.5,358.0,-0.2,1332,2.75,0.0,0.0,-3.5714285714285716,2,2025,겨울,1.3283687943262412,4.435495241170688,False,11.3
108,서울,2025-02-07,-8.0,-10.7,2243.0,-4.7,310,6.17,0.0,0.0,-4.6,2,2025,겨울,1.3283687943262412,4.435495241170688,True,5.999999999999999
108,서울,2025-02-08,-7.9,-11.5,555.0,-3.4,1617,0.0,0.0,0.0,-5.957142857142857,2,2025,겨울,1.3283687943262412,4.435495241170688,True,8.1
108,서울,2025-02-09,-4.7,-9.6,716.0,1.7,1513,0.0,0.0,0.0,-6.8428571428571425,2,2025,겨울,1.3283687943262412,4.435495241170688,False,11.299999999999999
108,서울,2025-02-10,-2.6,-7.5,710.0,2.6,1554,1.58,0.0,0.0,-6.628571428571428,2,2025,겨울,1.3283687943262412,4.435495241170688,False,10.1
108,서울,2025-02-11,0.5,-5.7,710.0,7.0,1459,0.0,0.0,0.0,-5.271428571428571,2,2025,겨울,1.3283687943262412,4.435495241170688,False,12.7
108,서울,2025-02-12,0.5,-2.9,2346.0,2.5,1551,12.5,0.0,0.0,-3.9714285714285715,2,2025,겨울,1.3283687943262412,4.435495241170688,False,5.4
108,서울,2025-02-13,0.2,-5.8,643.0,6.1,1511,0.0,0.0,0.0,-3.1428571428571432,2,2025,겨울,1.3283687943262412,4.435495241170688,False,11.899999999999999
108,서울,2025-02-14,3.7,-1.6,746.0,10.1,1517,0.0,0.0,0.0,-1.4714285714285715,2,2025,겨울,1.3283687943262412,4.435495241170688,False,11.7
108,서울,2025-02-15,4.1,0.4,701.0,7.8,1459,0.0,0.0,0.0,0.24285714285714274,2,2025,겨울,1.3283687943262412,4.435495241170688,False,7.3999999999999995
108,서울,2025-02-16,4.3,0.4,2359.0,9.7,1351,0.0,0.0,0.0,1.5285714285714285,2,2025,겨울,1.3283687943262412,4.435495241170688,False,9.299999999999999
108,서울,2025-02-17,-0.3,-3.4,2357.0,3.5,1530,0.0,0.0,0.0,1.857142857142857,2,2025,겨울,1.3283687943262412,4.435495241170688,False,6.9
108,서울,2025-02-18,-2.3,-5.2,738.0,2.6,1505,0.0,0.0,0.0,1.457142857142857,2,2025,겨울,1.3283687943262412,4.435495241170688,False,7.800000000000001
108,서울,2025-02-19,-3.0,-5.8,357.0,1.2,1523,0.0,0.0,0.0,0.9571428571428571,2,2025,겨울,1.3283687943262412,4.435495241170688,False,7.0
108,서울,2025-02-20,-2.9,-6.5,634.0,1.9,1605,0.0,0.0,0.0,0.5142857142857143,2,2025,겨울,1.3283687943262412,4.435495241170688,False,8.4
108,서울,2025-02-21,-2.5,-6.4,502.0,2.6,1418,0.0,0.0,0.0,-0.3714285714285715,2,2025,겨울,1.3283687943262412,4.435495241170688,False,9.0
108,서울,2025-02-22,-2.3,-5.6,434.0,2.7,1355,0.0,0.0,0.0,-1.2857142857142858,2,2025,겨울,1.3283687943262412,4.435495241170688,False,8.3
108,서울,2025-02-23,-3.6,-6.5,502.0,0.5,1529,0.0,0.0,0.0,-2.4142857142857146,2,2025,겨울,1.3283687943262412,4.435495241170688,False,7.0
108,서울,2025-02-24,-1.3,-6.3,407.0,4.7,1554,0.0,0.0,0.0,-2.557142857142857,2,2025,겨울,1.3283687943262412,4.435495241170688,False,11.0
108,서울,2025-02-25,2.1,-3.1,728.0,6.1,1251,0.0,0.0,0.0,-1.9285714285714286,2,2025,겨울,1.3283687943262412,4.435495241170688,False,9.2
108,서울,2025-02-26,3.7,0.7,2326.0,9.1,1527,0.0,0.0,0.0,-0.9714285714285713,2,2025,겨울,1.3283687943262412,4.435495241170688,False,8.4
108,서울,2025-02-27,5.8,-2.0,717.0,14.2,1454,0.0,0.0,0.0,0.2714285714285714,2,2025,겨울,1.3283687943262412,4.435495241170688,False,16.2
108,서울,2025-02-28,7.8,3.7,604.0,13.7,1539,0.0,0.0,0.0,1.7428571428571427,2,2025,겨울,1.3283687943262412,4.435495241170688,False,10.0
108,서울,2025-03-01,8.5,3.4,552.0,13.0,1213,1.5,0.0,0.0,3.2857142857142856,3,2025,봄,8.282580645161291,3.7498943428768534,False,9.6
108,서울,2025-03-02,8.3,2.2,2349.0,15.6,1310,9.42,0.0,0.0,4.985714285714286,3,2025,봄,8.282580645161291,3.7498943428768534,False,13.399999999999999
108,서울,2025-03-03,3.1,1.0,633.0,7.1,1311,7.33,0.0,0.0,5.614285714285714,3,2025,봄,8.282580645161291,3.7498943428768534,False,6.1
108,서울,2025-03-04,2.5,0.9,1018.0,3.4,1707,8.75,0.0,0.0,5.671428571428572,3,2025,봄,8.282580645161291,3.7498943428768534,False,2.5
108,서울,2025-03-05,4.8,2.3,707.0,9.2,1605,0.5,0.0,0.0,5.828571428571428,3,2025,봄,8.282580645161291,3.7498943428768534,False,6.8999999999999995
108,서울,2025-03-06,4.8,-0.4,721.0,10.4,1547,0.0,0.0,0.0,5.685714285714286,3,2025,봄,8.282580645161291,3.7498943428768534,False,10.8
108,서울,2025-03-07,5.3,0.0,706.0,11.1,1519,0.0,0.0,0.0,5.328571428571428,3,2025,봄,8.282580645161291,3.7498943428768534,False,11.1
108,서울,2025-03-08,5.8,2.8,732.0,11.2,1440,0.0,0.0,0.0,4.942857142857143,3,2025,봄,8.282580645161291,3.7498943428768534,False,8.399999999999999
108,서울,2025-03-09,6.9,1.2,717.0,13.5,1636,0.0,0.0,0.0,4.742857142857142,3,2025,봄,8.282580645161291,3.7498943428768534,False,12.3
108,서울,2025-03-10,8.0,2.4,544.0,14.9,1503,0.0,0.0,0.0,5.442857142857142,3,2025,봄,8.282580645161291,3.7498943428768534,False,12.5
108,서울,2025-03-11,9.4,2.9,655.0,16.6,1532,0.0,0.0,0.0,6.428571428571429,3,2025,봄,8.282580645161291,3.7498943428768534,False,13.700000000000001
108,서울,2025-03-12,8.5,6.7,548.0,11.8,1315,1.08,0.0,0.0,6.957142857142857,3,2025,봄,8.282580645161291,3.7498943428768534,False,5.1000000000000005
108,서울,2025-03-13,8.9,3.2,703.0,15.0,1632,0.0,0.0,0.0,7.542857142857143,3,2025,봄,8.282580645161291,3.7498943428768534,False,11.8
108,서울,2025-03-14,12.4,5.0,703.0,20.1,1515,0.0,0.0,0.0,8.557142857142857,3,2025,봄,8.282580645161291,3.7498943428768534,False,15.100000000000001
108,서울,2025-03-15,12.6,10.0,709.0,17.2,1437,0.75,0.0,0.0,9.528571428571428,3,2025,봄,8.282580645161291,3.7498943428768534,False,7.199999999999999
108,서울,2025-03-16,4.9,1.3,2331.0,10.1,1,9.0,0.0,0.0,9.242857142857144,3,2025,봄,8.282580645161291,3.7498943428768534,False,8.799999999999999
108,서울,2025-03-17,2.5,-1.3,631.0,6.8,1350,3.92,0.0,0.0,8.457142857142857,3,2025,봄,8.282580645161291,3.7498943428768534,False,8.1
108,서울,2025-03-18,2.1,0.3,711.0,5.6,1636,12.92,0.0,0.0,7.414285714285714,3,2025,봄,8.282580645161291,3.7498943428768534,False,5.3
108,서울,2025-03-19,2.4,-1.9,543.0,7.3,1459,0.0,0.0,0.0,6.542857142857143,3,2025,봄,8.282580645161291,3.7498943428768534,False,9.2
108,서울,2025-03-20,8.2,2.2,1.0,15.0,1448,0.0,0.0,0.0,6.442857142857143,3,2025,봄,8.282580645161291,3.7498943428768534,False,12.8
108,서울,2025-03-21,11.6,7.9,125.0,18.7,1555,0.0,0.0,0.0,6.328571428571428,3,2025,봄,8.282580645161291,3.7498943428768534,False,10.799999999999999
108,서울,2025-03-22,12.8,6.1,645.0,19.9,1504,0.0,0.0,0.0,6.357142857142857,3,2025,봄,8.282580645161291,3.7498943428768534,False,13.799999999999999
108,서울,2025-03-23,15.2,7.1,615.0,24.0,1427,0.0,0.0,0.0,7.828571428571428,3,2025,봄,8.282580645161291,3.7498943428768534,False,16.9
108,서울,2025-03-24,15.5,11.7,2324.0,21.3,1349,0.67,0.0,0.0,9.685714285714285,3,2025,봄,8.282580645161291,3.7498943428768534,False,9.600000000000001
108,서울,2025-03-25,12.7,8.4,2353.0,21.4,1353,0.0,0.0,0.0,11.200000000000001,3,2025,봄,8.282580645161291,3.7498943428768534,False,12.999999999999998
108,서울,2025-03-26,15.5,6.0,535.0,23.9,1639,0.0,0.0,0.0,13.071428571428571,3,2025,봄,8.282580645161291,3.7498943428768534,False,17.9
108,서울,2025-03-27,13.7,7.1,2359.0,18.6,11,4.83,0.0,0.0,13.857142857142858,3,2025,봄,8.282580645161291,3.7498943428768534,False,11.500000000000002
108,서울,2025-03-28,6.5,3.1,2358.0,11.8,1335,0.0,0.0,0.0,13.128571428571428,3,2025,봄,8.282580645161291,3.7498943428768534,False,8.700000000000001
108,서울,2025-03-29,3.3,0.6,629.0,6.7,1502,2.25,0.0,0.0,11.77142857142857,3,2025,봄,8.282580645161291,3.7498943428768534,False,6.1000000000000005
108,서울,2025-03-30,3.3,-1.8,649.0,7.6,1704,4.67,0.0,0.0,10.071428571428571,3,2025,봄,8.282580645161291,3.7498943428768534,False,9.4
108,서울,2025-03-31,7.7,1.2,612.0,14.1,1542,0.0,0.0,0.0,8.957142857142857,3,2025,봄,8.282580645161291,3.7498943428768534,False,12.9
108,서울,2025-04-01,10.1,3.9,638.0,17.0,1444,0.0,0.0,0.0,8.585714285714285,4,2025,봄,14.502,3.4178070994612195,False,13.1
108,서울,2025-04-02,8.9,5.2,558.0,14.4,1157,0.32,0.0,0.0,7.642857142857143,4,2025,봄,14.502,3.4178070994612195,False,9.2
108,서울,2025-04-03,9.8,3.6,630.0,16.9,1455,0.0,0.0,0.0,7.0857142857142845,4,2025,봄,14.502,3.4178070994612195,False,13.299999999999999
108,서울,2025-04-04,10.6,6.0,630.0,16.4,1407,0.0,0.0,0.0,7.671428571428571,4,2025,봄,14.502,3.4178070994612195,False,10.399999999999999
108,서울,2025-04-05,8.0,7.5,1646.0,9.5,1,18.22,1.1,4.3,8.342857142857143,4,2025,봄,14.502,3.4178070994612195,False,2.0
108,서울,2025-04-06,10.3,6.9,642.0,15.7,1508,0.33,0.0,0.0,9.342857142857142,4,2025,봄,14.502,3.4178070994612195,False,8.799999999999999
108,서울,2025-04-07,13.5,5.5,649.0,20.1,1428,0.0,0.0,0.0,10.171428571428573,4,2025,봄,14.502,3.4178070994612195,False,14.600000000000001
108,서울,2025-04-08,13.8,10.7,622.0,18.9,1533,0.0,0.0,0.0,10.700000000000001,4,2025,봄,14.502,3.4178070994612195,False,8.2
108,서울,2025-04-09,12.7,8.4,628.0,18.0,1313,2.52,0.5,0.8,11.242857142857142,4,2025,봄,14.502,3.4178070994612195,False,9.6
108,서울,2025-04-10,13.2,8.8,657.0,19.1,1515,3.42,0.0,0.0,11.728571428571428,4,2025,봄,14.502,3.4178070994612195,False,10.3
108,서울,2025-04-11,16.2,8.1,617.0,24.2,1453,0.0,0.0,0.0,12.528571428571428,4,2025,봄,14.502,3.4178070994612195,False,16.1
108,서울,2025-04-12,12.9,1.4,2329.0,22.5,1135,11.17,1.0,4.2,13.228571428571428,4,2025,봄,14.502,3.4178070994612195,False,21.1
108,서울,2025-04-13,5.5,1.1,45.0,8.2,1002,6.47,0.6,2.7,12.542857142857141,4,2025,봄,14.502,3.4178070994612195,True,7.1
108,서울,2025-04-14,4.4,2.6,304.0,6.0,1110,11.88,2.0,3.9,11.242857142857142,4,2025,봄,14.502,3.4178070994612195,True,3.4
108,서울,2025-04-15,8.2,2.3,432.0,14.0,1504,0.0,0.0,0.0,10.442857142857141,4,2025,봄,14.502,3.4178070994612195,False,11.7
108,서울,2025-04-16,14.6,6.4,330.0,21.9,1435,0.0,0.0,0.0,10.714285714285714,4,2025,봄,14.502,3.4178070994612195,False,15.499999999999998
108,서울,2025-04-17,19.7,15.8,618.0,24.7,1328,0.0,0.0,0.0,11.642857142857142,4,2025,봄,14.502,3.4178070994612195,False,8.899999999999999
108,서울,2025-04-18,18.6,15.4,902.0,23.7,1621,0.83,0.0,0.0,11.985714285714286,4,2025,봄,14.502,3.4178070994612195,False,8.299999999999999
108,서울,2025-04-19,15.3,12.2,2352.0,20.0,1311,11.5,1.6,3.6,12.328571428571427,4,2025,봄,14.502,3.4178070994612195,False,7.800000000000001
108,서울,2025-04-20,16.7,9.5,543.0,24.1,1617,0.0,0.0,0.0,13.928571428571429,4,2025,봄,14.502,3.4178070994612195,False,14.600000000000001
108,서울,2025-04-21,20.7,14.2,503.0,27.1,1518,0.0,0.0,0.0,16.257142857142856,4,2025,봄,14.502,3.4178070994612195,False,12.900000000000002
108,서울,2025-04-22,17.8,14.2,2358.0,20.4,1,11.53,2.5,8.4,17.628571428571426,4,2025,봄,14.502,3.4178070994612195,False,6.199999999999999
108,서울,2025-04-23,16.8,10.9,558.0,22.9,1410,0.0,0.0,0.0,17.942857142857143,4,2025,봄,14.502,3.4178070994612195,False,11.999999999999998
108,서울,2025-04-24,14.7,10.7,2352.0,19.6,1434,0.0,0.0,0.0,17.22857142857143,4,2025,봄,14.502,3.4178070994612195,False,8.900000000000002
108,서울,2025-04-25,12.5,7.7,555.0,17.8,1357,0.0,0.0,0.0,16.357142857142858,4,2025,봄,14.502,3.4178070994612195,False,10.100000000000001
108,서울,2025-04-26,13.8,7.2,601.0,20.0,1351,0.0,0.0,0.0,16.142857142857142,4,2025,봄,14.502,3.4178070994612195,False,12.8
108,서울,2025-04-27,14.9,10.7,245.0,19.1,1419,0.0,0.0,0.0,15.885714285714286,4,2025,봄,14.502,3.4178070994612195,False,8.400000000000002
108,서울,2025-04-28,15.1,10.3,636.0,20.2,1535,0.0,0.0,0.0,15.085714285714285,4,2025,봄,14.502,3.4178070994612195,False,9.899999999999999
108,서울,2025-04-29,14.8,8.2,538.0,21.0,1353,0.0,0.0,0.0,14.657142857142857,4,2025,봄,14.502,3.4178070994612195,False,12.8
108,서울,2025-04-30,18.4,10.0,558.0,25.8,1419,0.0,0.0,0.0,14.885714285714286,4,2025,봄,14.502,3.4178070994612195,False,15.8
108,서울,2025-05-01,14.7,11.3,2355.0,17.6,744,7.6,2.5,9.0,14.885714285714286,5,2025,봄,18.395483870967745,3.121403737154581,False,6.300000000000001
108,서울,2025-05-02,13.4,8.2,600.0,18.5,1530,0.75,0.0,0.0,15.014285714285714,5,2025,봄,18.395483870967745,3.121403737154581,False,10.3
108,서울,2025-05-03,11.2,9.5,708.0,14.0,1353,11.55,0.6,2.2,14.642857142857142,5,2025,봄,18.395483870967745,3.121403737154581,True,4.5
108,서울,2025-05-04,13.7,8.2,417.0,19.9,1418,0.0,0.0,0.0,14.471428571428572,5,2025,봄,18.395483870967745,3.121403737154581,False,11.7
108,서울,2025-05-05,12.1,9.3,317.0,15.0,1350,0.0,0.0,0.0,14.042857142857143,5,2025,봄,18.395483870967745,3.121403737154581,True,5.699999999999999
108,서울,2025-05-06,14.4,8.5,450.0,19.5,1630,0.0,0.0,0.0,13.985714285714286,5,2025,봄,18.395483870967745,3.121403737154581,False,11.0
108,서울,2025-05-07,14.9,9.9,554.0,21.1,1439,0.0,0.0,0.0,13.485714285714286,5,2025,봄,18.395483870967745,3.121403737154581,False,11.200000000000001
108,서울,2025-05-08,17.4,9.7,602.0,24.9,1543,0.0,0.0,0.0,13.87142857142857,5,2025,봄,18.395483870967745,3.121403737154581,False,15.2
108,서울,2025-05-09,15.1,14.1,1330.0,17.4,8,17.17,1.4,3.6,14.114285714285714,5,2025,봄,18.395483870967745,3.121403737154581,False,3.299999999999999
108,서울,2025-05-10,12.3,11.6,831.0,15.3,110,16.25,0.8,2.7,14.271428571428572,5,2025,봄,18.395483870967745,3.121403737154581,False,3.700000000000001
108,서울,2025-05-11,14.7,11.4,206.0,20.2,1643,0.83,0.0,0.0,14.414285714285713,5,2025,봄,18.395483870967745,3.121403737154581,False,8.799999999999999
108,서울,2025-05-12,17.0,9.8,543.0,23.6,1635,0.0,0.0,0.0,15.114285714285716,5,2025,봄,18.395483870967745,3.121403737154581,False,13.8
108,서울,2025-05-13,19.9,13.3,512.0,25.8,1309,0.0,0.0,0.0,15.9,5,2025,봄,18.395483870967745,3.121403737154581,False,12.5
108,서울,2025-05-14,21.0,14.1,547.0,26.7,1437,0.5,0.0,0.0,16.771428571428572,5,2025,봄,18.395483870967745,3.121403737154581,False,12.6
108,서울,2025-05-15,19.5,16.8,922.0,22.2,1621,9.5,0.1,0.4,17.071428571428573,5,2025,봄,18.395483870967745,3.121403737154581,False,5.399999999999999
108,서울,2025-05-16,19.4,17.8,2339.0,22.0,1437,18.58,7.7,14.2,17.685714285714287,5,2025,봄,18.395483870967745,3.121403737154581,False,4.199999999999999
108,서울,2025-05-17,18.3,14.7,2351.0,24.3,1305,6.08,1.1,2.2,18.54285714285714,5,2025,봄,18.395483870967745,3.121403737154581,False,9.600000000000001
108,서울,2025-05-18,15.6,11.4,541.0,21.0,1459,0.0,0.0,0.0,18.671428571428574,5,2025,봄,18.395483870967745,3.121403737154581,False,9.6
108,서울,2025-05-19,16.1,10.5,357.0,20.9,1538,5.08,0.3,0.8,18.542857142857144,5,2025,봄,18.395483870967745,3.121403737154581,False,10.399999999999999
108,서울,2025-05-20,22.2,17.4,1.0,27.3,1513,10.17,0.2,0.7,18.87142857142857,5,2025,봄,18.395483870967745,3.121403737154581,False,9.900000000000002
108,서울,2025-05-21,25.5,22.3,2345.0,30.8,1417,0.0,0.0,0.0,19.514285714285712,5,2025,봄,18.395483870967745,3.121403737154581,True,8.5
108,서울,2025-05-22,23.9,20.0,734.0,28.5,1536,2.75,0.5,0.7,20.142857142857142,5,2025,봄,18.395483870967745,3.121403737154581,False,8.5
108,서울,2025-05-23,19.4,15.4,2343.0,22.2,1,4.67,0.4,0.8,20.142857142857142,5,2025,봄,18.395483870967745,3.121403737154581,False,6.799999999999999
108,서울,2025-05-24,15.6,13.0,537.0,19.3,1708,5.83,0.6,2.4,19.757142857142856,5,2025,봄,18.395483870967745,3.121403737154581,False,6.300000000000001
108,서울,2025-05-25,17.4,11.7,504.0,22.6,1607,0.0,0.0,0.0,20.014285714285712,5,2025,봄,18.395483870967745,3.121403737154581,False,10.900000000000002
108,서울,2025-05-26,19.7,13.0,544.0,26.2,1505,0.0,0.0,0.0,20.52857142857143,5,2025,봄,18.395483870967745,3.121403737154581,False,13.2
108,서울,2025-05-27,20.8,14.7,539.0,27.0,1427,0.0,0.0,0.0,20.32857142857143,5,2025,봄,18.395483870967745,3.121403737154581,False,12.3
108,서울,2025-05-28,20.8,16.3,529.0,26.9,1528,0.68,0.0,0.0,19.657142857142855,5,2025,봄,18.395483870967745,3.121403737154581,False,10.599999999999998
108,서울,2025-05-29,21.2,15.3,540.0,27.3,1557,0.0,0.0,0.0,19.27142857142857,5,2025,봄,18.395483870967745,3.121403737154581,False,12.0
108,서울,2025-05-30,22.2,16.7,605.0,28.3,1535,0.0,0.0,0.0,19.67142857142857,5,2025,봄,18.395483870967745,3.121403737154581,False,11.600000000000001
108,서울,2025-05-31,21.5,16.4,528.0,27.0,1517,0.0,0.0,0.0,20.514285714285712,5,2025,봄,18.395483870967745,3.121403737154581,False,10.600000000000001
108,서울,2025-06-01,22.6,17.0,550.0,29.3,1508,0.0,0.0,0.0,21.25714285714286,6,2025,여름,23.626666666666665,2.2328741723060053,False,12.3
108,서울,2025-06-02,21.0,19.2,513.0,23.1,1529,5.67,0.0,0.0,21.442857142857147,6,2025,여름,23.626666666666665,2.2328741723060053,False,3.900000000000002
108,서울,2025-06-03,20.9,17.0,2358.0,25.3,1216,0.0,0.0,0.0,21.457142857142856,6,2025,여름,23.626666666666665,2.2328741723060053,False,8.3
108,서울,2025-06-04,20.5,15.2,512.0,25.3,1246,0.0,0.0,0.0,21.41428571428571,6,2025,여름,23.626666666666665,2.2328741723060053,False,10.100000000000001
108,서울,2025-06-05,21.7,15.6,605.0,27.1,1432,0.0,0.0,0.0,21.485714285714288,6,2025,여름,23.626666666666665,2.2328741723060053,False,11.500000000000002
108,서울,2025-06-06,24.1,17.7,531.0,30.0,1347,0.0,0.0,0.0,21.75714285714286,6,2025,여름,23.626666666666665,2.2328741723060053,False,12.3
108,서울,2025-06-07,23.7,19.8,507.0,28.2,1600,1.43,0.1,0.6,22.071428571428573,6,2025,여름,23.626666666666665,2.2328741723060053,False,8.399999999999999
108,서울,2025-06-08,25.1,21.4,520.0,30.4,1355,2.42,0.6,0.6,22.428571428571427,6,2025,여름,23.626666666666665,2.2328741723060053,False,9.0
108,서울,2025-06-09,24.2,20.6,534.0,30.2,1513,0.42,0.0,0.0,22.885714285714283,6,2025,여름,23.626666666666665,2.2328741723060053,False,9.599999999999998
108,서울,2025-06-10,21.7,18.8,2357.0,25.3,1659,0.08,0.0,0.0,23.0,6,2025,여름,23.626666666666665,2.2328741723060053,False,6.5
108,서울,2025-06-11,22.7,15.9,526.0,28.5,1418,0.0,0.0,0.0,23.314285714285717,6,2025,여름,23.626666666666665,2.2328741723060053,False,12.6
108,서울,2025-06-12,25.5,17.9,537.0,33.1,1616,0.0,0.0,0.0,23.857142857142858,6,2025,여름,23.626666666666665,2.2328741723060053,False,15.200000000000003
108,서울,2025-06-13,24.0,20.1,2224.0,29.4,1234,5.08,0.9,1.5,23.842857142857145,6,2025,여름,23.626666666666665,2.2328741723060053,False,9.299999999999997
108,서울,2025-06-14,25.6,20.3,1.0,32.1,1647,0.0,0.0,0.0,24.114285714285717,6,2025,여름,23.626666666666665,2.2328741723060053,False,11.8
108,서울,2025-06-15,26.3,21.7,607.0,33.2,1410,5.08,3.1,7.9,24.285714285714285,6,2025,여름,23.626666666666665,2.2328741723060053,False,11.500000000000004
108,서울,2025-06-16,23.0,21.8,2351.0,25.1,1245,10.5,9.5,13.1,24.114285714285717,6,2025,여름,23.626666666666665,2.2328741723060053,False,3.3000000000000007
108,서울,2025-06-17,24.8,21.1,510.0,29.6,1526,0.0,0.0,0.0,24.557142857142857,6,2025,여름,23.626666666666665,2.2328741723060053,False,8.5
108,서울,2025-06-18,25.5,21.2,536.0,30.9,1508,0.0,0.0,0.0,24.957142857142856,6,2025,여름,23.626666666666665,2.2328741723060053,False,9.7
108,서울,2025-06-19,28.1,21.1,549.0,34.2,1426,0.92,0.6,0.8,25.32857142857143,6,2025,여름,23.626666666666665,2.2328741723060053,True,13.100000000000001
108,서울,2025-06-20,24.1,22.2,2318.0,28.3,1,23.67,2.6,8.0,25.342857142857145,6,2025,여름,23.626666666666665,2.2328741723060053,False,6.100000000000001
108,서울,2025-06-21,22.0,20.5,2354.0,24.2,1643,8.17,0.2,0.5,24.82857142857143,6,2025,여름,23.626666666666665,2.2328741723060053,False,3.6999999999999993
108,서울,2025-06-22,23.3,18.1,536.0,28.6,1515,0.0,0.0,0.0,24.4,6,2025,여름,23.626666666666665,2.2328741723060053,False,10.5
108,서울,2025-06-23,26.1,19.4,534.0,31.7,1620,0.0,0.0,0.0,24.842857142857145,6,2025,여름,23.626666666666665,2.2328741723060053,False,12.3
108,서울,2025-06-24,25.0,20.5,2332.0,28.0,1244,4.08,0.9,2.1,24.871428571428574,6,2025,여름,23.626666666666665,2.2328741723060053,False,7.5
108,서울,2025-06-25,20.9,19.5,327.0,22.1,1407,18.08,1.0,2.8,24.214285714285715,6,2025,여름,23.626666666666665,2.2328741723060053,False,2.6000000000000014
108,서울,2025-06-26,22.2,19.9,449.0,24.2,1734,3.5,0.3,1.0,23.37142857142857,6,2025,여름,23.626666666666665,2.2328741723060053,False,4.300000000000001
108,서울,2025-06-27,25.0,21.1,440.0,29.3,1620,1.97,0.0,0.0,23.5,6,2025,여름,23.626666666666665,2.2328741723060053,False,8.2
108,서울,2025-06-28,26.2,24.5,555.0,28.1,1514,5.83,0.2,0.5,24.099999999999998,6,2025,여름,23.626666666666665,2.2328741723060053,False,3.6000000000000014
108,서울,2025-06-29,27.1,24.9,654.0,30.2,1659,1.0,0.0,0.0,24.642857142857142,6,2025,여름,23.626666666666665,2.2328741723060053,False,5.300000000000001
108,서울,2025-06-30,28.2,25.6,516.0,31.2,1354,0.0,0.0,0.0,24.942857142857143,6,2025,여름,23.626666666666665,2.2328741723060053,True,5.599999999999998
108,서울,2025-07-01,28.6,26.2,729.0,31.8,1336,3.67,0.9,0.9,25.457142857142856,7,2025,여름,27.506451612903227,2.410520163172063,False,5.600000000000001
108,서울,2025-07-02,28.6,26.8,520.0,30.9,1247,0.33,0.0,0.0,26.557142857142857,7,2025,여름,27.506451612903227,2.410520163172063,False,4.099999999999998
108,서울,2025-07-03,28.3,26.5,2357.0,32.0,1523,0.08,0.0,0.0,27.428571428571427,7,2025,여름,27.506451612903227,2.410520163172063,False,5.5
108,서울,2025-07-04,27.2,25.7,453.0,30.0,1436,1.75,0.0,0.0,27.74285714285714,7,2025,여름,27.506451612903227,2.410520163172063,False,4.300000000000001
108,서울,2025-07-05,28.4,26.0,459.0,32.3,1501,0.0,0.0,0.0,28.057142857142857,7,2025,여름,27.506451612903227,2.410520163172063,False,6.299999999999997
108,서울,2025-07-06,29.1,26.3,727.0,32.8,1408,0.0,0.0,0.0,28.342857142857145,7,2025,여름,27.506451612903227,2.410520163172063,False,6.4999999999999964
108,서울,2025-07-07,29.1,26.7,545.0,33.2,1623,0.0,0.0,0.0,28.47142857142857,7,2025,여름,27.506451612903227,2.410520163172063,False,6.5000000000000036
108,서울,2025-07-08,31.3,26.9,612.0,37.8,1509,3.0,5.3,6.4,28.857142857142858,7,2025,여름,27.506451612903227,2.410520163172063,False,10.899999999999999
108,서울,2025-07-09,31.9,27.4,530.0,36.0,1629,0.0,0.0,0.0,29.32857142857143,7,2025,여름,27.506451612903227,2.410520163172063,False,8.600000000000001
108,서울,2025-07-10,31.4,27.3,554.0,36.2,1553,0.0,0.0,0.0,29.771428571428572,7,2025,여름,27.506451612903227,2.410520163172063,False,8.900000000000002
108,서울,2025-07-11,30.2,24.6,559.0,36.1,1658,0.0,0.0,0.0,30.2,7,2025,여름,27.506451612903227,2.410520163172063,False,11.5
108,서울,2025-07-12,30.3,24.4,554.0,36.5,1617,0.0,0.0,0.0,30.47142857142857,7,2025,여름,27.506451612903227,2.410520163172063,False,12.100000000000001
108,서울,2025-07-13,27.7,25.6,2346.0,31.0,1241,2.5,0.0,0.0,30.271428571428572,7,2025,여름,27.506451612903227,2.410520163172063,False,5.399999999999999
108,서울,2025-07-14,24.2,21.7,2343.0,28.1,1129,12.25,0.9,4.0,29.571428571428573,7,2025,여름,27.506451612903227,2.410520163172063,False,6.400000000000002
108,서울,2025-07-15,23.6,21.5,200.0,25.9,1516,11.17,0.6,1.3,28.47142857142857,7,2025,여름,27.506451612903227,2.410520163172063,False,4.399999999999999
108,서울,2025-07-16,23.3,22.2,2111.0,24.8,820,16.33,8.0,27.0,27.24285714285714,7,2025,여름,27.506451612903227,2.410520163172063,False,2.6000000000000014
108,서울,2025-07-17,23.3,22.0,1000.0,24.4,1525,18.58,19.0,32.5,26.085714285714285,7,2025,여름,27.506451612903227,2.410520163172063,False,2.3999999999999986
108,서울,2025-07-18,24.7,22.9,903.0,27.2,1820,11.0,4.7,9.5,25.3,7,2025,여름,27.506451612903227,2.410520163172063,False,4.300000000000001
108,서울,2025-07-19,23.9,21.9,405.0,25.8,1719,23.17,10.4,32.1,24.385714285714283,7,2025,여름,27.506451612903227,2.410520163172063,False,3.900000000000002
108,서울,2025-07-20,27.7,25.0,543.0,31.3,1643,6.92,3.3,7.2,24.385714285714283,7,2025,여름,27.506451612903227,2.410520163172063,False,6.300000000000001
108,서울,2025-07-21,28.5,25.6,414.0,31.6,1455,1.0,0.0,0.0,25.0,7,2025,여름,27.506451612903227,2.410520163172063,False,6.0
108,서울,2025-07-22,28.8,26.6,527.0,32.2,1431,0.58,0.1,0.1,25.74285714285714,7,2025,여름,27.506451612903227,2.410520163172063,False,5.600000000000001
108,서울,2025-07-23,28.9,25.5,540.0,33.3,1418,0.0,0.0,0.0,26.542857142857144,7,2025,여름,27.506451612903227,2.410520163172063,False,7.799999999999997
108,서울,2025-07-24,29.8,25.8,533.0,34.1,1350,0.0,0.0,0.0,27.471428571428568,7,2025,여름,27.506451612903227,2.410520163172063,False,8.3
108,서울,2025-07-25,31.1,25.6,546.0,36.3,1531,0.0,0.0,0.0,28.38571428571429,7,2025,여름,27.506451612903227,2.410520163172063,False,10.699999999999996
108,서울,2025-07-26,32.3,27.6,551.0,37.1,1701,0.0,0.0,0.0,29.585714285714285,7,2025,여름,27.506451612903227,2.410520163172063,False,9.5
108,서울,2025-07-27,32.8,28.3,550.0,38.0,1535,0.0,0.0,0.0,30.314285714285713,7,2025,여름,27.506451612903227,2.410520163172063,True,9.7
108,서울,2025-07-28,32.2,28.8,555.0,36.4,1529,0.0,0.0,0.0,30.842857142857145,7,2025,여름,27.506451612903227,2.410520163172063,False,7.599999999999998
108,서울,2025-07-29,32.0,27.6,548.0,36.7,1428,0.0,0.0,0.0,31.3,7,2025,여름,27.506451612903227,2.410520163172063,False,9.100000000000001
108,서울,2025-07-30,32.1,28.3,512.0,36.3,1447,0.0,0.0,0.0,31.757142857142856,7,2025,여름,27.506451612903227,2.410520163172063,False,7.9999999999999964
108,서울,2025-07-31,30.9,29.3,610.0,34.6,1432,0.0,0.0,0.0,31.914285714285715,7,2025,여름,27.506451612903227,2.410520163172063,False,5.300000000000001
108,서울,2025-08-01,31.0,27.8,538.0,35.1,1213,0.25,0.0,0.0,31.9,8,2025,여름,27.272258064516127,2.5088812502339457,False,7.300000000000001
108,서울,2025-08-02,31.2,27.3,605.0,36.2,1600,0.0,0.0,0.0,31.74285714285714,8,2025,여름,27.272258064516127,2.5088812502339457,False,8.900000000000002
108,서울,2025-08-03,28.8,24.0,2359.0,32.5,1348,7.25,0.6,1.4,31.17142857142857,8,2025,여름,27.272258064516127,2.5088812502339457,False,8.5
108,서울,2025-08-04,28.1,23.7,522.0,33.9,1647,5.92,0.4,0.9,30.585714285714285,8,2025,여름,27.272258064516127,2.5088812502339457,False,10.2
108,서울,2025-08-05,29.1,25.4,558.0,33.5,1505,0.0,0.0,0.0,30.17142857142857,8,2025,여름,27.272258064516127,2.5088812502339457,False,8.100000000000001
108,서울,2025-08-06,27.1,25.8,2028.0,29.3,1058,10.5,4.3,9.6,29.45714285714286,8,2025,여름,27.272258064516127,2.5088812502339457,False,3.5
108,서울,2025-08-07,28.2,25.4,602.0,32.3,1541,0.0,0.0,0.0,29.071428571428573,8,2025,여름,27.272258064516127,2.5088812502339457,False,6.899999999999999
108,서울,2025-08-08,26.6,23.9,615.0,30.2,1404,1.75,5.0,6.3,28.442857142857143,8,2025,여름,27.272258064516127,2.5088812502339457,False,6.300000000000001
108,서울,2025-08-09,24.9,23.1,2356.0,26.4,1738,5.92,1.2,2.8,27.542857142857144,8,2025,여름,27.272258064516127,2.5088812502339457,False,3.299999999999997
108,서울,2025-08-10,27.3,21.0,538.0,33.2,1559,0.0,0.0,0.0,27.32857142857143,8,2025,여름,27.272258064516127,2.5088812502339457,False,12.200000000000003
108,서울,2025-08-11,27.0,25.0,543.0,29.5,1415,0.25,0.0,0.0,27.171428571428574,8,2025,여름,27.272258064516127,2.5088812502339457,False,4.5
108,서울,2025-08-12,28.6,23.3,559.0,34.1,1602,0.0,0.0,0.0,27.1,8,2025,여름,27.272258064516127,2.5088812502339457,False,10.8
108,서울,2025-08-13,25.1,22.0,1053.0,27.1,1719,15.67,16.5,32.7,26.814285714285713,8,2025,여름,27.272258064516127,2.5088812502339457,False,5.100000000000001
108,서울,2025-08-14,25.5,24.2,736.0,26.9,1649,12.48,12.3,24.6,26.428571428571427,8,2025,여름,27.272258064516127,2.5088812502339457,False,2.6999999999999993
108,서울,2025-08-15,27.1,24.4,505.0,30.9,1557,3.17,0.0,0.0,26.5,8,2025,여름,27.272258064516127,2.5088812502339457,False,6.5
108,서울,2025-08-16,28.2,25.5,429.0,32.2,1434,0.0,0.0,0.0,26.97142857142857,8,2025,여름,27.272258064516127,2.5088812502339457,False,6.700000000000003
108,서울,2025-08-17,28.4,26.1,355.0,32.0,1358,0.0,0.0,0.0,27.12857142857143,8,2025,여름,27.272258064516127,2.5088812502339457,False,5.899999999999999
108,서울,2025-08-18,28.9,27.0,548.0,32.9,1453,7.42,0.4,1.3,27.4,8,2025,여름,27.272258064516127,2.5088812502339457,False,5.899999999999999
108,서울,2025-08-19,29.1,26.9,525.0,32.3,1444,0.0,0.0,0.0,27.47142857142857,8,2025,여름,27.272258064516127,2.5088812502339457,False,5.399999999999999
108,서울,2025-08-20,29.4,26.9,602.0,32.8,1434,0.75,0.0,0.0,28.085714285714285,8,2025,여름,27.272258064516127,2.5088812502339457,False,5.899999999999999
108,서울,2025-08-21,29.8,27.4,519.0,34.3,1402,0.0,0.0,0.0,28.7,8,2025,여름,27.272258064516127,2.5088812502339457,False,6.899999999999999
108,서울,2025-08-22,29.4,26.1,539.0,33.5,1519,0.0,0.0,0.0,29.028571428571432,8,2025,여름,27.272258064516127,2.5088812502339457,False,7.399999999999999
108,서울,2025-08-23,29.3,27.4,456.0,32.2,1624,0.0,0.0,0.0,29.185714285714283,8,2025,여름,27.272258064516127,2.5088812502339457,False,4.800000000000004
108,서울,2025-08-24,30.2,26.9,451.0,34.7,1451,0.0,0.0,0.0,29.442857142857143,8,2025,여름,27.272258064516127,2.5088812502339457,False,7.800000000000004
108,서울,2025-08-25,28.7,26.3,940.0,32.2,1649,6.93,10.8,14.2,29.414285714285715,8,2025,여름,27.272258064516127,2.5088812502339457,False,5.900000000000002
108,서울,2025-08-26,27.6,25.5,609.0,31.8,1543,8.75,1.2,2.5,29.199999999999996,8,2025,여름,27.272258064516127,2.5088812502339457,False,6.300000000000001
108,서울,2025-08-27,26.7,23.6,617.0,30.8,1541,0.0,0.0,0.0,28.814285714285717,8,2025,여름,27.272258064516127,2.5088812502339457,False,7.199999999999999
108,서울,2025-08-28,28.3,24.7,617.0,31.0,1350,0.0,0.0,0.0,28.599999999999998,8,2025,여름,27.272258064516127,2.5088812502339457,False,6.300000000000001
108,서울,2025-08-29,29.0,27.3,543.0,32.8,1350,6.82,11.5,12.5,28.54285714285714,8,2025,여름,27.272258064516127,2.5088812502339457,False,5.4999999999999964
108,서울,2025-08-30,28.4,25.8,832.0,31.8,1604,6.92,8.6,10.7,28.414285714285715,8,2025,여름,27.272258064516127,2.5088812502339457,False,6.0
108,서울,2025-08-31,28.5,25.1,549.0,31.8,1438,0.08,0.0,0.0,28.17142857142857,8,2025,여름,27.272258064516127,2.5088812502339457,False,6.699999999999999
108,서울,2025-09-01,26.1,24.4,2357.0,28.2,1329,7.75,5.3,8.5,27.8,9,2025,가을,23.509333333333334,2.6126524018144712,False,3.8000000000000007
108,서울,2025-09-02,26.0,22.0,643.0,30.6,1651,0.0,0.0,0.0,27.571428571428573,9,2025,가을,23.509333333333334,2.6126524018144712,False,8.600000000000001
108,서울,2025-09-03,27.6,22.6,608.0,32.1,1538,0.0,0.0,0.0,27.7,9,2025,가을,23.509333333333334,2.6126524018144712,False,9.5
108,서울,2025-09-04,25.8,22.8,626.0,29.8,1551,9.92,11.5,34.4,27.342857142857145,9,2025,가을,23.509333333333334,2.6126524018144712,False,7.0
108,서울,2025-09-05,27.9,23.5,556.0,33.0,1520,0.0,0.0,0.0,27.185714285714287,9,2025,가을,23.509333333333334,2.6126524018144712,False,9.5
108,서울,2025-09-06,26.8,25.4,1941.0,30.4,1518,9.07,8.9,14.9,26.95714285714286,9,2025,가을,23.509333333333334,2.6126524018144712,False,5.0
108,서울,2025-09-07,25.3,22.3,2353.0,28.3,1310,1.07,0.2,0.5,26.5,9,2025,가을,23.509333333333334,2.6126524018144712,False,6.0
108,서울,2025-09-08,24.4,20.6,623.0,29.5,1454,3.75,0.0,0.0,26.25714285714286,9,2025,가을,23.509333333333334,2.6126524018144712,False,8.899999999999999
108,서울,2025-09-09,23.7,21.4,2356.0,26.9,1615,5.5,0.0,0.0,25.928571428571427,9,2025,가을,23.509333333333334,2.6126524018144712,False,5.5
108,서울,2025-09-10,24.8,18.4,642.0,31.5,1615,0.0,0.0,0.0,25.52857142857143,9,2025,가을,23.509333333333334,2.6126524018144712,False,13.100000000000001
108,서울,2025-09-11,25.8,19.9,539.0,31.7,1604,0.0,0.0,0.0,25.528571428571432,9,2025,가을,23.509333333333334,2.6126524018144712,False,11.8
108,서울,2025-09-12,23.9,21.1,2400.0,26.3,1232,7.33,0.7,2.7,24.957142857142856,9,2025,가을,23.509333333333334,2.6126524018144712,False,5.199999999999999
108,서울,2025-09-13,23.3,20.4,205.0,27.6,1608,8.58,6.0,22.5,24.457142857142856,9,2025,가을,23.509333333333334,2.6126524018144712,False,7.200000000000003
108,서울,2025-09-14,24.8,21.5,624.0,29.3,1616,0.0,0.0,0.0,24.38571428571429,9,2025,가을,23.509333333333334,2.6126524018144712,False,7.800000000000001
108,서울,2025-09-15,25.7,20.8,638.0,30.7,1447,0.0,0.0,0.0,24.571428571428573,9,2025,가을,23.509333333333334,2.6126524018144712,False,9.899999999999999
108,서울,2025-09-16,23.7,22.2,429.0,27.1,1327,4.27,9.7,14.8,24.571428571428573,9,2025,가을,23.509333333333334,2.6126524018144712,False,4.900000000000002
108,서울,2025-09-17,22.7,21.2,2354.0,24.0,837,8.5,21.5,41.2,24.271428571428572,9,2025,가을,23.509333333333334,2.6126524018144712,False,2.8000000000000007
108,서울,2025-09-18,22.1,19.6,606.0,26.0,1513,0.0,0.0,0.0,23.74285714285714,9,2025,가을,23.509333333333334,2.6126524018144712,False,6.399999999999999
108,서울,2025-09-19,19.4,17.9,2352.0,21.4,1152,15.08,2.5,7.1,23.1,9,2025,가을,23.509333333333334,2.6126524018144712,False,3.5
108,서울,2025-09-20,20.0,17.5,336.0,23.6,1635,8.58,2.8,11.6,22.62857142857143,9,2025,가을,23.509333333333334,2.6126524018144712,False,6.100000000000001
108,서울,2025-09-21,21.6,17.2,540.0,27.3,1507,0.0,0.0,0.0,22.17142857142857,9,2025,가을,23.509333333333334,2.6126524018144712,False,10.100000000000001
108,서울,2025-09-22,21.3,17.6,636.0,25.1,1341,0.0,0.0,0.0,21.542857142857144,9,2025,가을,23.509333333333334,2.6126524018144712,False,7.5
108,서울,2025-09-23,22.7,19.2,626.0,26.8,1530,0.83,0.0,0.0,21.400000000000002,9,2025,가을,23.509333333333334,2.6126524018144712,False,7.600000000000001
108,서울,2025-09-24,22.0,20.4,340.0,23.7,1144,11.5,10.2,24.6,21.300000000000004,9,2025,가을,23.509333333333334,2.6126524018144712,False,3.3000000000000007
108,서울,2025-09-25,22.5,20.2,2351.0,26.4,1622,1.25,0.2,0.3,21.357142857142858,9,2025,가을,23.509333333333334,2.6126524018144712,False,6.199999999999999
108,서울,2025-09-26,21.7,17.8,626.0,27.1,1543,0.0,0.0,0.0,21.685714285714283,9,2025,가을,23.509333333333334,2.6126524018144712,False,9.3
108,서울,2025-09-27,22.5,17.6,617.0,27.2,1420,0.0,0.0,0.0,22.04285714285714,9,2025,가을,23.509333333333334,2.6126524018144712,False,9.599999999999998
108,서울,2025-09-28,20.0,18.4,1000.0,21.9,1411,7.92,2.4,13.0,21.814285714285713,9,2025,가을,23.509333333333334,2.6126524018144712,False,3.5
108,서울,2025-09-29,19.6,16.6,656.0,23.9,1454,0.0,0.0,0.0,21.571428571428573,9,2025,가을,23.509333333333334,2.6126524018144712,False,7.299999999999997
108,서울,2025-09-30,19.8,17.3,625.0,24.0,1409,0.0,0.0,0.0,21.157142857142855,9,2025,가을,23.509333333333334,2.6126524018144712,False,6.699999999999999
108,서울,2025-10-01,20.5,16.7,626.0,25.6,1421,0.0,0.0,0.0,20.942857142857143,10,2025,가을,15.81225806451613,3.450208641985292,False,8.900000000000002
108,서울,2025-10-02,21.4,17.3,620.0,25.8,1324,0.0,0.0,0.0,20.785714285714285,10,2025,가을,15.81225806451613,3.450208641985292,False,8.5
108,서울,2025-10-03,21.2,19.8,621.0,22.3,1338,9.33,0.2,0.3,20.714285714285715,10,2025,가을,15.81225806451613,3.450208641985292,False,2.5
108,서울,2025-10-04,22.5,20.9,624.0,25.0,1405,2.23,0.0,0.0,20.714285714285715,10,2025,가을,15.81225806451613,3.450208641985292,False,4.100000000000001
108,서울,2025-10-05,21.4,20.6,1953.0,22.3,32,7.17,3.9,10.4,20.914285714285715,10,2025,가을,15.81225806451613,3.450208641985292,False,1.6999999999999993
108,서울,2025-10-06,17.6,15.4,2001.0,20.7,1,19.67,2.3,8.1,20.62857142857143,10,2025,가을,15.81225806451613,3.450208641985292,False,5.299999999999999
108,서울,2025-10-07,18.2,15.5,1.0,20.0,1322,22.67,0.5,2.0,20.4,10,2025,가을,15.81225806451613,3.450208641985292,False,4.5
108,서울,2025-10-08,21.9,17.2,652.0,28.0,1518,0.58,0.0,0.0,20.599999999999998,10,2025,가을,15.81225806451613,3.450208641985292,False,10.8
108,서울,2025-10-09,20.0,16.9,2348.0,22.6,1304,8.0,0.1,0.2,20.400000000000002,10,2025,가을,15.81225806451613,3.450208641985292,False,5.700000000000003
108,서울,2025-10-10,17.0,16.0,308.0,17.7,1309,23.92,2.0,7.0,19.8,10,2025,가을,15.81225806451613,3.450208641985292,False,1.6999999999999993
108,서울,2025-10-11,20.3,17.3,13.0,23.8,1357,16.17,1.5,4.8,19.485714285714288,10,2025,가을,15.81225806451613,3.450208641985292,False,6.5
108,서울,2025-10-12,19.0,17.6,350.0,21.4,1302,2.5,0.1,0.1,19.142857142857142,10,2025,가을,15.81225806451613,3.450208641985292,False,3.799999999999997
108,서울,2025-10-13,15.7,13.9,1950.0,18.3,1,17.0,1.4,4.7,18.87142857142857,10,2025,가을,15.81225806451613,3.450208641985292,False,4.4
108,서울,2025-10-14,17.9,14.4,1.0,20.9,1402,6.5,0.2,0.4,18.82857142857143,10,2025,가을,15.81225806451613,3.450208641985292,False,6.499999999999998
108,서울,2025-10-15,20.2,16.1,615.0,25.3,1414,6.08,0.3,1.2,18.585714285714285,10,2025,가을,15.81225806451613,3.450208641985292,False,9.2
108,서울,2025-10-16,20.2,17.0,706.0,24.8,1452,3.58,0.2,0.6,18.614285714285717,10,2025,가을,15.81225806451613,3.450208641985292,False,7.800000000000001
108,서울,2025-10-17,19.9,15.6,600.0,24.8,1353,7.75,1.7,5.3,19.02857142857143,10,2025,가을,15.81225806451613,3.450208641985292,False,9.200000000000001
108,서울,2025-10-18,15.8,14.2,2356.0,18.6,1,7.83,0.6,2.8,18.385714285714283,10,2025,가을,15.81225806451613,3.450208641985292,False,4.400000000000002
108,서울,2025-10-19,14.5,8.9,2353.0,19.2,1322,0.0,0.0,0.0,17.742857142857144,10,2025,가을,15.81225806451613,3.450208641985292,False,10.299999999999999
108,서울,2025-10-20,10.0,5.3,649.0,16.5,1517,0.0,0.0,0.0,16.928571428571427,10,2025,가을,15.81225806451613,3.450208641985292,False,11.2
108,서울,2025-10-21,9.2,4.8,544.0,14.1,1439,0.0,0.0,0.0,15.685714285714283,10,2025,가을,15.81225806451613,3.450208641985292,False,9.3
108,서울,2025-10-22,13.1,6.6,340.0,18.6,1508,0.0,0.0,0.0,14.671428571428573,10,2025,가을,15.81225806451613,3.450208641985292,False,12.000000000000002
108,서울,2025-10-23,14.9,11.8,452.0,19.6,1424,0.0,0.0,0.0,13.914285714285715,10,2025,가을,15.81225806451613,3.450208641985292,False,7.800000000000001
108,서울,2025-10-24,15.8,11.3,710.0,21.5,1546,0.0,0.0,0.0,13.328571428571427,10,2025,가을,15.81225806451613,3.450208641985292,False,10.2
108,서울,2025-10-25,14.4,12.6,737.0,17.7,1529,0.0,0.0,0.0,13.128571428571428,10,2025,가을,15.81225806451613,3.450208641985292,False,5.1
108,서울,2025-10-26,12.2,10.6,2356.0,13.9,1434,2.67,0.3,0.4,12.799999999999999,10,2025,가을,15.81225806451613,3.450208641985292,False,3.3000000000000007
108,서울,2025-10-27,8.1,3.7,727.0,12.2,1456,0.0,0.0,0.0,12.528571428571427,10,2025,가을,15.81225806451613,3.450208641985292,True,8.5
108,서울,2025-10-28,8.5,3.0,734.0,14.4,1420,0.0,0.0,0.0,12.428571428571429,10,2025,가을,15.81225806451613,3.450208641985292,True,11.4
108,서울,2025-10-29,11.4,6.2,332.0,18.3,1507,0.0,0.0,0.0,12.185714285714285,10,2025,가을,15.81225806451613,3.450208641985292,False,12.100000000000001
108,서울,2025-10-30,12.8,7.7,655.0,18.2,1344,0.0,0.0,0.0,11.885714285714286,10,2025,가을,15.81225806451613,3.450208641985292,False,10.5
108,서울,2025-10-31,15.1,11.3,604.0,20.7,1432,2.83,0.3,0.7,11.785714285714286,10,2025,가을,15.81225806451613,3.450208641985292,False,9.399999999999999
108,서울,2025-11-01,12.9,10.5,722.0,17.7,1431,4.67,0.0,0.0,11.571428571428571,11,2025,가을,8.728,5.004067070725786,False,7.199999999999999
108,서울,2025-11-02,8.0,3.7,2352.0,11.7,1414,0.32,0.0,0.0,10.971428571428572,11,2025,가을,8.728,5.004067070725786,False,7.999999999999999
108,서울,2025-11-03,7.2,0.5,618.0,14.7,1438,0.0,0.0,0.0,10.842857142857142,11,2025,가을,8.728,5.004067070725786,False,14.2
108,서울,2025-11-04,10.2,5.5,633.0,16.3,1507,0.0,0.0,0.0,11.085714285714287,11,2025,가을,8.728,5.004067070725786,False,10.8
108,서울,2025-11-05,11.6,5.7,653.0,19.0,1406,0.0,0.0,0.0,11.114285714285714,11,2025,가을,8.728,5.004067070725786,False,13.3
108,서울,2025-11-06,12.5,7.3,712.0,18.8,1434,0.0,0.0,0.0,11.071428571428571,11,2025,가을,8.728,5.004067070725786,False,11.5
108,서울,2025-11-07,13.9,8.3,728.0,19.9,1445,0.0,0.0,0.0,10.9,11,2025,가을,8.728,5.004067070725786,False,11.599999999999998
108,서울,2025-11-08,14.5,12.3,317.0,17.0,1430,0.52,0.0,0.0,11.12857142857143,11,2025,가을,8.728,5.004067070725786,False,4.699999999999999
108,서울,2025-11-09,13.5,10.4,2352.0,17.6,1302,0.0,0.0,0.0,11.914285714285715,11,2025,가을,8.728,5.004067070725786,False,7.200000000000001
108,서울,2025-11-10,8.3,5.4,701.0,12.7,1455,0.0,0.0,0.0,12.071428571428571,11,2025,가을,8.728,5.004067070725786,False,7.299999999999999
108,서울,2025-11-11,8.9,3.9,318.0,15.1,1359,0.0,0.0,0.0,11.885714285714286,11,2025,가을,8.728,5.004067070725786,False,11.2
108,서울,2025-11-12,10.8,6.0,549.0,17.7,1424,0.0,0.0,0.0,11.771428571428572,11,2025,가을,8.728,5.004067070725786,False,11.7
108,서울,2025-11-13,11.1,6.7,508.0,17.6,1424,0.0,0.0,0.0,11.571428571428571,11,2025,가을,8.728,5.004067070725786,False,10.900000000000002
108,서울,2025-11-14,9.1,4.5,746.0,15.1,1421,0.0,0.0,0.0,10.885714285714284,11,2025,가을,8.728,5.004067070725786,False,10.6
108,서울,2025-11-15,9.8,3.6,737.0,17.5,1516,0.0,0.0,0.0,10.214285714285714,11,2025,가을,8.728,5.004067070725786,False,13.9
108,서울,2025-11-16,11.6,5.5,731.0,18.7,1346,1.25,0.0,0.0,9.942857142857141,11,2025,가을,8.728,5.004067070725786,False,13.2
108,서울,2025-11-17,3.2,-0.7,2355.0,9.7,1,0.0,0.0,0.0,9.214285714285714,11,2025,가을,8.728,5.004067070725786,False,10.399999999999999
108,서울,2025-11-18,1.6,-2.0,546.0,6.5,1443,0.0,0.0,0.0,8.17142857142857,11,2025,가을,8.728,5.004067070725786,False,8.5
108,서울,2025-11-19,3.0,-1.6,727.0,8.6,1502,0.0,0.0,0.0,7.057142857142857,11,2025,가을,8.728,5.004067070725786,False,10.2
108,서울,2025-11-20,7.4,1.6,106.0,14.6,1453,0.0,0.0,0.0,6.528571428571429,11,2025,가을,8.728,5.004067070725786,False,13.0
108,서울,2025-11-21,7.4,1.0,655.0,12.5,1406,0.0,0.0,0.0,6.285714285714286,11,2025,가을,8.728,5.004067070725786,False,11.5
108,서울,2025-11-22,9.6,5.4,739.0,15.1,1412,0.0,0.0,0.0,6.257142857142858,11,2025,가을,8.728,5.004067070725786,False,9.7
108,서울,2025-11-23,10.9,6.6,235.0,14.4,1419,0.0,0.0,0.0,6.1571428571428575,11,2025,가을,8.728,5.004067070725786,False,7.800000000000001
108,서울,2025-11-24,12.4,9.6,2350.0,16.8,1448,0.0,0.0,0.0,7.471428571428571,11,2025,가을,8.728,5.004067070725786,False,7.200000000000001
108,서울,2025-11-25,7.4,5.3,2328.0,9.6,1,3.58,0.0,0.0,8.3,11,2025,가을,8.728,5.004067070725786,False,4.3
108,서울,2025-11-26,6.4,3.5,750.0,10.9,1241,0.0,0.0,0.0,8.785714285714286,11,2025,가을,8.728,5.004067070725786,False,7.4
108,서울,2025-11-27,5.1,2.5,2350.0,8.7,1323,5.83,0.0,0.0,8.457142857142857,11,2025,가을,8.728,5.004067070725786,False,6.199999999999999
108,서울,2025-11-28,2.3,-1.3,728.0,7.0,1436,0.0,0.0,0.0,7.728571428571429,11,2025,가을,8.728,5.004067070725786,False,8.3
108,서울,2025-11-29,5.7,0.3,615.0,9.3,2317,2.92,0.0,0.0,7.171428571428572,11,2025,가을,8.728,5.004067070725786,False,9.0
108,서울,2025-11-30,12.4,9.1,34.0,16.1,1406,0.0,0.0,0.0,7.385714285714286,11,2025,가을,8.728,5.004067070725786,False,7.000000000000002
108,서울,2025-12-01,5.5,2.3,2358.0,12.2,1,0.0,0.0,0.0,6.4,12,2025,겨울,0.19354838709677422,4.998424133734095,False,9.899999999999999
108,서울,2025-12-02,0.1,-5.4,2354.0,3.3,1500,0.0,0.0,0.0,5.3571428571428585,12,2025,겨울,0.19354838709677422,4.998424133734095,False,8.7
108,서울,2025-12-03,-5.9,-8.1,2359.0,-2.8,1436,0.0,0.0,0.0,3.599999999999999,12,2025,겨울,0.19354838709677422,4.998424133734095,False,5.3
108,서울,2025-12-04,-3.2,-9.4,650.0,3.5,1503,2.5,0.0,0.0,2.414285714285714,12,2025,겨울,0.19354838709677422,4.998424133734095,False,12.9
108,서울,2025-12-05,-2.6,-6.9,725.0,2.5,1517,0.0,0.0,0.0,1.714285714285714,12,2025,겨울,0.19354838709677422,4.998424133734095,False,9.4
108,서울,2025-12-06,2.1,-2.0,8.0,4.5,1555,3.17,0.0,0.0,1.1999999999999997,12,2025,겨울,0.19354838709677422,4.998424133734095,False,6.5
108,서울,2025-12-07,8.3,3.4,739.0,13.4,1350,0.0,0.0,0.0,0.6142857142857141,12,2025,겨울,0.19354838709677422,4.998424133734095,False,10.0
108,서울,2025-12-08,3.4,0.8,2358.0,7.3,1440,0.0,0.0,0.0,0.3142857142857141,12,2025,겨울,0.19354838709677422,4.998424133734095,False,6.5
108,서울,2025-12-09,2.8,-2.4,744.0,8.7,1357,0.0,0.0,0.0,0.6999999999999998,12,2025,겨울,0.19354838709677422,4.998424133734095,False,11.1
108,서울,2025-12-10,4.9,0.7,550.0,8.6,1503,0.0,0.0,0.0,2.242857142857143,12,2025,겨울,0.19354838709677422,4.998424133734095,False,7.8999999999999995
108,서울,2025-12-11,4.0,-1.8,2352.0,8.4,1412,5.17,0.0,0.0,3.2714285714285714,12,2025,겨울,0.19354838709677422,4.998424133734095,False,10.200000000000001
108,서울,2025-12-12,2.0,-3.6,611.0,7.0,1440,0.0,0.0,0.0,3.9285714285714284,12,2025,겨울,0.19354838709677422,4.998424133734095,False,10.6
108,서울,2025-12-13,2.6,-0.8,2347.0,4.5,853,13.67,0.0,0.0,4.0,12,2025,겨울,0.19354838709677422,4.998424133734095,False,5.3
108,서울,2025-12-14,-0.1,-1.5,2359.0,3.1,1554,3.5,0.0,0.0,2.8,12,2025,겨울,0.19354838709677422,4.998424133734095,False,4.6
108,서울,2025-12-15,0.7,-3.5,654.0,4.5,1456,0.0,0.0,0.0,2.414285714285714,12,2025,겨울,0.19354838709677422,4.998424133734095,False,8.0
108,서울,2025-12-16,3.8,2.1,1.0,5.0,2344,8.33,0.0,0.0,2.557142857142857,12,2025,겨울,0.19354838709677422,4.998424133734095,False,2.9
108,서울,2025-12-17,4.2,1.2,2354.0,7.6,1514,0.0,0.0,0.0,2.457142857142857,12,2025,겨울,0.19354838709677422,4.998424133734095,False,6.3999999999999995
108,서울,2025-12-18,2.3,-1.9,750.0,8.5,1402,0.0,0.0,0.0,2.214285714285714,12,2025,겨울,0.19354838709677422,4.998424133734095,False,10.4
108,서울,2025-12-19,4.9,-0.7,608.0,9.9,1548,0.0,0.0,0.0,2.6285714285714286,12,2025,겨울,0.19354838709677422,4.998424133734095,False,10.6
108,서울,2025-12-20,7.3,1.0,2359.0,10.7,1300,8.82,0.0,0.0,3.3,12,2025,겨울,0.19354838709677422,4.998424133734095,False,9.7
108,서울,2025-12-21,-1.1,-3.4,2351.0,2.5,1438,0.0,0.0,0.0,3.157142857142857,12,2025,겨울,0.19354838709677422,4.998424133734095,False,5.9
108,서울,2025-12-22,-0.7,-5.9,741.0,5.1,1543,0.0,0.0,0.0,2.9571428571428564,12,2025,겨울,0.19354838709677422,4.998424133734095,False,11.0
108,서울,2025-12-23,2.6,0.1,1.0,4.3,1222,10.75,0.0,0.0,2.7857142857142856,12,2025,겨울,0.19354838709677422,4.998424133734095,False,4.2
108,서울,2025-12-24,2.8,-1.0,2346.0,6.3,1452,0.0,0.0,0.0,2.5857142857142854,12,2025,겨울,0.19354838709677422,4.998424133734095,False,7.3
108,서울,2025-12-25,-3.6,-8.9,2345.0,0.0,1406,0.0,0.0,0.0,1.7428571428571424,12,2025,겨울,0.19354838709677422,4.998424133734095,False,8.9
108,서울,2025-12-26,-8.2,-11.8,759.0,-4.0,1456,0.0,0.0,0.0,-0.12857142857142886,12,2025,겨울,0.19354838709677422,4.998424133734095,False,7.800000000000001
108,서울,2025-12-27,-2.6,-8.3,22.0,0.5,1550,0.33,0.0,0.0,-1.5428571428571431,12,2025,겨울,0.19354838709677422,4.998424133734095,False,8.8
108,서울,2025-12-28,3.2,0.0,1.0,6.1,1518,4.42,0.0,0.0,-0.9285714285714288,12,2025,겨울,0.19354838709677422,4.998424133734095,False,6.1
108,서울,2025-12-29,4.9,-0.1,2345.0,9.1,1446,2.0,0.0,0.0,-0.12857142857142886,12,2025,겨울,0.19354838709677422,4.998424133734095,False,9.2
108,서울,2025-12-30,-0.5,-3.7,802.0,3.8,1446,0.0,0.0,0.0,-0.5714285714285717,12,2025,겨울,0.19354838709677422,4.998424133734095,False,7.5
108,서울,2025-12-31,-5.6,-8.9,2345.0,-1.2,1,0.0,0.0,0.0,-1.7714285714285718,12,2025,겨울,0.19354838709677422,4.998424133734095,False,7.7
